job_id,skill,proficiency
J0001,Quantum Computing Basics,Beginner
J0001,Robotics Troubleshooting,Advanced
J0001,Electric Powertrain,Intermediate
J0002,Electric Powertrain,Beginner
J0002,Git,Beginner
J0002,Solar PV Design,Intermediate
J0002,Data Structures,Advanced
J0002,React,Advanced
J0003,SCADA,Advanced
J0003,Power BI,Beginner
J0003,Robotics Troubleshooting,Beginner
J0003,Node.js,Intermediate
J0003,SQL,Beginner
J0004,Electric Powertrain,Intermediate
J0004,SCADA,Advanced
J0004,Predictive Maintenance,Advanced
J0004,Git,Advanced
J0005,SCADA,Advanced
J0005,Content Strategy,Advanced
J0005,Docker,Advanced
J0005,Quantum Computing Basics,Advanced
J0005,Battery Management Systems,Beginner
J0006,FastAPI,Intermediate
J0006,Content Strategy,Advanced
J0006,Logistics Analytics,Advanced
J0006,SCADA,Advanced
J0006,Predictive Maintenance,Intermediate
J0007,Content Strategy,Advanced
J0007,Digital Electronics,Intermediate
J0007,SCADA,Advanced
J0007,PLC Programming,Advanced
J0007,Power BI,Advanced
J0008,C++,Advanced
J0008,Content Strategy,Beginner
J0008,SQL,Beginner
J0008,Docker,Beginner
J0009,PLC Programming,Advanced
J0009,Electric Powertrain,Beginner
J0009,Robotics Troubleshooting,Intermediate
J0009,Logistics Analytics,Beginner
J0009,Content Strategy,Intermediate
J0010,Git,Intermediate
J0010,Kubernetes,Beginner
J0010,Data Structures,Advanced
J0010,PLC Programming,Advanced
J0011,Machine Learning,Advanced
J0011,AWS,Beginner
J0011,Solar PV Design,Beginner
J0011,Python,Intermediate
J0011,Electric Powertrain,Intermediate
J0012,React,Advanced
J0012,Content Strategy,Beginner
J0012,SQL,Advanced
J0012,Inventory Management,Intermediate
J0012,Electric Powertrain,Intermediate
J0013,Docker,Beginner
J0013,Inventory Management,Beginner
J0013,Logistics Analytics,Advanced
J0014,Battery Management Systems,Intermediate
J0014,Logistics Analytics,Intermediate
J0014,SEO/SEM,Intermediate
J0015,Solar PV Design,Intermediate
J0015,FastAPI,Beginner
J0015,SAP EWM,Intermediate
J0016,Node.js,Advanced
J0016,Digital Electronics,Beginner
J0016,IoT Sensors,Advanced
J0017,Power BI,Intermediate
J0017,FastAPI,Beginner
J0017,Quantum Computing Basics,Intermediate
J0017,SQL,Beginner
J0018,SCADA,Beginner
J0018,SEO/SEM,Advanced
J0018,Machine Learning,Intermediate
J0019,Node.js,Beginner
J0019,Predictive Maintenance,Advanced
J0019,Data Structures,Beginner
J0019,Robotics Troubleshooting,Advanced
J0019,Quantum Computing Basics,Intermediate
J0020,Content Strategy,Beginner
J0020,Battery Management Systems,Intermediate
J0020,Electric Powertrain,Intermediate
J0021,Docker,Advanced
J0021,PLC Programming,Beginner
J0021,Battery Management Systems,Beginner
J0021,Solar PV Design,Intermediate
J0021,Grid Integration,Intermediate
J0022,React,Beginner
J0022,IoT Sensors,Advanced
J0022,FastAPI,Advanced
J0023,SQL,Beginner
J0023,Docker,Beginner
J0023,IoT Sensors,Intermediate
J0023,Kubernetes,Intermediate
J0024,C++,Beginner
J0024,PLC Programming,Beginner
J0024,SQL,Intermediate
J0024,Power BI,Advanced
J0024,React,Beginner
J0025,Grid Integration,Advanced
J0025,Battery Management Systems,Advanced
J0025,Data Structures,Intermediate
J0025,SQL,Beginner
J0026,Content Strategy,Intermediate
J0026,AWS,Advanced
J0026,Predictive Maintenance,Advanced
J0026,Data Structures,Intermediate
J0027,PLC Programming,Intermediate
J0027,Content Strategy,Intermediate
J0027,SQL,Intermediate
J0028,Robotics Troubleshooting,Beginner
J0028,IoT Sensors,Beginner
J0028,Quantum Computing Basics,Advanced
J0029,Quantum Computing Basics,Advanced
J0029,SQL,Advanced
J0029,SAP EWM,Advanced
J0030,Machine Learning,Beginner
J0030,SQL,Intermediate
J0030,PLC Programming,Beginner
J0031,Logistics Analytics,Beginner
J0031,SAP EWM,Intermediate
J0031,C++,Advanced
J0031,SCADA,Intermediate
J0032,AWS,Beginner
J0032,Solar PV Design,Beginner
J0032,Git,Intermediate
J0032,SEO/SEM,Beginner
J0033,Kubernetes,Advanced
J0033,Machine Learning,Beginner
J0033,Docker,Beginner
J0034,Digital Electronics,Intermediate
J0034,Predictive Maintenance,Advanced
J0034,Logistics Analytics,Beginner
J0034,SAP EWM,Beginner
J0034,PLC Programming,Beginner
J0035,FastAPI,Beginner
J0035,Robotics Troubleshooting,Beginner
J0035,Logistics Analytics,Beginner
J0035,AWS,Beginner
J0035,Python,Advanced
J0036,AWS,Beginner
J0036,Machine Learning,Advanced
J0036,Docker,Beginner
J0036,React,Beginner
J0036,C++,Intermediate
J0037,Quantum Computing Basics,Advanced
J0037,IoT Sensors,Intermediate
J0037,AWS,Beginner
J0037,Microprocessors,Advanced
J0037,SAP EWM,Beginner
J0038,IoT Sensors,Advanced
J0038,AWS,Advanced
J0038,Electric Powertrain,Beginner
J0038,Robotics Troubleshooting,Advanced
J0039,Battery Management Systems,Advanced
J0039,Inventory Management,Advanced
J0039,Data Structures,Advanced
J0039,Digital Electronics,Intermediate
J0039,React,Intermediate
J0040,Robotics Troubleshooting,Advanced
J0040,Microprocessors,Beginner
J0040,Python,Intermediate
J0040,Grid Integration,Intermediate
J0040,FastAPI,Advanced
J0041,Power BI,Intermediate
J0041,Battery Management Systems,Beginner
J0041,Kubernetes,Advanced
J0041,Robotics Troubleshooting,Intermediate
J0042,Quantum Computing Basics,Intermediate
J0042,Git,Beginner
J0042,Python,Advanced
J0042,Predictive Maintenance,Intermediate
J0042,React,Advanced
J0043,Node.js,Advanced
J0043,Python,Advanced
J0043,React,Intermediate
J0043,SAP EWM,Intermediate
J0044,Content Strategy,Beginner
J0044,Quantum Computing Basics,Intermediate
J0044,Kubernetes,Intermediate
J0045,Robotics Troubleshooting,Advanced
J0045,AWS,Intermediate
J0045,Node.js,Intermediate
J0046,Kubernetes,Advanced
J0046,FastAPI,Advanced
J0046,SQL,Beginner
J0046,Data Structures,Intermediate
J0047,Electric Powertrain,Intermediate
J0047,Battery Management Systems,Beginner
J0047,Inventory Management,Intermediate
J0048,Machine Learning,Beginner
J0048,Content Strategy,Advanced
J0048,Git,Intermediate
J0048,FastAPI,Intermediate
J0048,Node.js,Advanced
J0049,SCADA,Intermediate
J0049,Logistics Analytics,Advanced
J0049,Docker,Beginner
J0049,SQL,Intermediate
J0050,AWS,Beginner
J0050,Electric Powertrain,Beginner
J0050,Docker,Beginner
J0050,Solar PV Design,Intermediate
J0050,Microprocessors,Advanced
J0051,FastAPI,Intermediate
J0051,SCADA,Advanced
J0051,Content Strategy,Advanced
J0052,AWS,Advanced
J0052,Robotics Troubleshooting,Beginner
J0052,Grid Integration,Intermediate
J0052,IoT Sensors,Advanced
J0052,Python,Advanced
J0053,SEO/SEM,Beginner
J0053,Microprocessors,Intermediate
J0053,Content Strategy,Intermediate
J0053,Predictive Maintenance,Beginner
J0054,Solar PV Design,Advanced
J0054,SQL,Beginner
J0054,Quantum Computing Basics,Intermediate
J0055,Python,Intermediate
J0055,IoT Sensors,Advanced
J0055,Data Structures,Intermediate
J0055,Power BI,Advanced
J0056,Node.js,Intermediate
J0056,Logistics Analytics,Beginner
J0056,SEO/SEM,Intermediate
J0056,Data Structures,Beginner
J0057,IoT Sensors,Beginner
J0057,Data Structures,Beginner
J0057,Docker,Beginner
J0058,FastAPI,Intermediate
J0058,Docker,Intermediate
J0058,Electric Powertrain,Intermediate
J0058,Battery Management Systems,Beginner
J0059,Power BI,Beginner
J0059,Git,Advanced
J0059,SCADA,Beginner
J0060,React,Advanced
J0060,Git,Intermediate
J0060,SCADA,Advanced
J0060,Data Structures,Beginner
J0060,PLC Programming,Advanced
J0061,Robotics Troubleshooting,Advanced
J0061,SAP EWM,Intermediate
J0061,Inventory Management,Advanced
J0062,IoT Sensors,Intermediate
J0062,Digital Electronics,Beginner
J0062,React,Advanced
J0063,Node.js,Advanced
J0063,Digital Electronics,Advanced
J0063,Microprocessors,Beginner
J0063,SCADA,Advanced
J0063,React,Advanced
J0064,IoT Sensors,Advanced
J0064,Kubernetes,Intermediate
J0064,Git,Beginner
J0065,Electric Powertrain,Beginner
J0065,Power BI,Advanced
J0065,Kubernetes,Beginner
J0065,SAP EWM,Intermediate
J0065,React,Intermediate
J0066,Robotics Troubleshooting,Advanced
J0066,Kubernetes,Beginner
J0066,PLC Programming,Advanced
J0067,Electric Powertrain,Advanced
J0067,SCADA,Beginner
J0067,SQL,Beginner
J0067,Grid Integration,Advanced
J0068,Content Strategy,Intermediate
J0068,SCADA,Intermediate
J0068,Quantum Computing Basics,Intermediate
J0068,C++,Advanced
J0069,AWS,Beginner
J0069,Digital Electronics,Beginner
J0069,Machine Learning,Advanced
J0070,Quantum Computing Basics,Intermediate
J0070,Battery Management Systems,Advanced
J0070,SCADA,Advanced
J0070,Machine Learning,Advanced
J0071,AWS,Intermediate
J0071,SCADA,Intermediate
J0071,IoT Sensors,Intermediate
J0072,Logistics Analytics,Intermediate
J0072,SEO/SEM,Intermediate
J0072,Data Structures,Intermediate
J0073,Predictive Maintenance,Beginner
J0073,React,Beginner
J0073,Kubernetes,Beginner
J0073,SEO/SEM,Advanced
J0073,Data Structures,Intermediate
J0074,Solar PV Design,Beginner
J0074,Quantum Computing Basics,Intermediate
J0074,Docker,Beginner
J0074,Electric Powertrain,Intermediate
J0075,Docker,Intermediate
J0075,SEO/SEM,Intermediate
J0075,SAP EWM,Beginner
J0075,Data Structures,Advanced
J0076,Quantum Computing Basics,Beginner
J0076,Data Structures,Advanced
J0076,IoT Sensors,Advanced
J0076,AWS,Beginner
J0077,Grid Integration,Beginner
J0077,Docker,Intermediate
J0077,Predictive Maintenance,Advanced
J0077,React,Intermediate
J0078,Quantum Computing Basics,Advanced
J0078,SEO/SEM,Beginner
J0078,Docker,Beginner
J0079,React,Beginner
J0079,AWS,Intermediate
J0079,Machine Learning,Intermediate
J0079,C++,Intermediate
J0080,Content Strategy,Beginner
J0080,Predictive Maintenance,Intermediate
J0080,Machine Learning,Intermediate
J0080,Inventory Management,Advanced
J0081,AWS,Advanced
J0081,SEO/SEM,Beginner
J0081,Node.js,Intermediate
J0081,Digital Electronics,Beginner
J0081,Git,Advanced
J0082,Data Structures,Beginner
J0082,Content Strategy,Advanced
J0082,Electric Powertrain,Beginner
J0083,Solar PV Design,Beginner
J0083,Electric Powertrain,Beginner
J0083,Battery Management Systems,Advanced
J0083,Data Structures,Intermediate
J0084,Quantum Computing Basics,Intermediate
J0084,Kubernetes,Beginner
J0084,Data Structures,Beginner
J0085,Node.js,Advanced
J0085,SQL,Advanced
J0085,SAP EWM,Intermediate
J0085,Microprocessors,Advanced
J0086,SAP EWM,Beginner
J0086,Electric Powertrain,Intermediate
J0086,Grid Integration,Advanced
J0086,Power BI,Beginner
J0086,Git,Intermediate
J0087,React,Advanced
J0087,Docker,Intermediate
J0087,Machine Learning,Intermediate
J0088,Solar PV Design,Beginner
J0088,Node.js,Intermediate
J0088,C++,Intermediate
J0088,Inventory Management,Intermediate
J0088,Quantum Computing Basics,Advanced
J0089,Battery Management Systems,Advanced
J0089,IoT Sensors,Advanced
J0089,Quantum Computing Basics,Intermediate
J0090,Kubernetes,Beginner
J0090,Data Structures,Beginner
J0090,Digital Electronics,Beginner
J0090,Content Strategy,Beginner
J0091,SCADA,Beginner
J0091,Predictive Maintenance,Advanced
J0091,Data Structures,Advanced
J0091,Docker,Intermediate
J0092,Logistics Analytics,Beginner
J0092,Docker,Advanced
J0092,Battery Management Systems,Beginner
J0092,Python,Advanced
J0093,C++,Advanced
J0093,Content Strategy,Intermediate
J0093,Predictive Maintenance,Beginner
J0093,Solar PV Design,Advanced
J0093,Inventory Management,Intermediate
J0094,Docker,Beginner
J0094,Inventory Management,Beginner
J0094,Data Structures,Intermediate
J0094,SQL,Intermediate
J0094,Robotics Troubleshooting,Beginner
J0095,Electric Powertrain,Beginner
J0095,FastAPI,Advanced
J0095,PLC Programming,Intermediate
J0095,Logistics Analytics,Beginner
J0096,SEO/SEM,Advanced
J0096,SAP EWM,Beginner
J0096,PLC Programming,Beginner
J0097,Inventory Management,Intermediate
J0097,Digital Electronics,Advanced
J0097,Solar PV Design,Beginner
J0098,Node.js,Advanced
J0098,Electric Powertrain,Intermediate
J0098,Battery Management Systems,Advanced
J0098,C++,Beginner
J0098,FastAPI,Advanced
J0099,Battery Management Systems,Intermediate
J0099,Digital Electronics,Beginner
J0099,Inventory Management,Advanced
J0099,FastAPI,Intermediate
J0100,Node.js,Beginner
J0100,Git,Intermediate
J0100,Data Structures,Intermediate
J0101,Battery Management Systems,Intermediate
J0101,Quantum Computing Basics,Advanced
J0101,Power BI,Intermediate
J0101,Docker,Beginner
J0101,Logistics Analytics,Advanced
J0102,Battery Management Systems,Beginner
J0102,SQL,Intermediate
J0102,FastAPI,Beginner
J0103,Inventory Management,Beginner
J0103,Logistics Analytics,Advanced
J0103,Data Structures,Beginner
J0104,Solar PV Design,Beginner
J0104,PLC Programming,Intermediate
J0104,Content Strategy,Advanced
J0104,Grid Integration,Beginner
J0104,Kubernetes,Intermediate
J0105,SQL,Beginner
J0105,Docker,Advanced
J0105,C++,Intermediate
J0105,Grid Integration,Intermediate
J0106,Power BI,Beginner
J0106,C++,Intermediate
J0106,AWS,Beginner
J0106,SCADA,Beginner
J0107,Python,Intermediate
J0107,React,Advanced
J0107,IoT Sensors,Beginner
J0107,SAP EWM,Beginner
J0107,Microprocessors,Beginner
J0108,SAP EWM,Intermediate
J0108,Power BI,Intermediate
J0108,Grid Integration,Advanced
J0109,AWS,Advanced
J0109,Python,Advanced
J0109,Electric Powertrain,Beginner
J0110,Content Strategy,Advanced
J0110,Quantum Computing Basics,Intermediate
J0110,Data Structures,Intermediate
J0110,SAP EWM,Intermediate
J0111,Data Structures,Intermediate
J0111,AWS,Intermediate
J0111,SAP EWM,Beginner
J0111,Predictive Maintenance,Beginner
J0111,Electric Powertrain,Advanced
J0112,IoT Sensors,Beginner
J0112,Data Structures,Intermediate
J0112,Microprocessors,Advanced
J0113,Logistics Analytics,Beginner
J0113,Electric Powertrain,Beginner
J0113,IoT Sensors,Beginner
J0114,Machine Learning,Intermediate
J0114,Node.js,Beginner
J0114,Electric Powertrain,Advanced
J0115,Quantum Computing Basics,Intermediate
J0115,Power BI,Beginner
J0115,Robotics Troubleshooting,Beginner
J0115,Node.js,Intermediate
J0116,Git,Advanced
J0116,SCADA,Advanced
J0116,FastAPI,Intermediate
J0116,Content Strategy,Advanced
J0117,Quantum Computing Basics,Advanced
J0117,Battery Management Systems,Beginner
J0117,SEO/SEM,Intermediate
J0117,IoT Sensors,Beginner
J0118,Node.js,Beginner
J0118,FastAPI,Intermediate
J0118,SAP EWM,Intermediate
J0118,Battery Management Systems,Advanced
J0119,Robotics Troubleshooting,Advanced
J0119,Python,Intermediate
J0119,Inventory Management,Intermediate
J0119,FastAPI,Beginner
J0119,Logistics Analytics,Advanced
J0120,Inventory Management,Beginner
J0120,SEO/SEM,Advanced
J0120,Grid Integration,Beginner
J0120,Quantum Computing Basics,Intermediate
J0121,Content Strategy,Beginner
J0121,SQL,Advanced
J0121,SCADA,Advanced
J0121,Predictive Maintenance,Intermediate
J0121,Docker,Advanced
J0122,C++,Intermediate
J0122,Microprocessors,Advanced
J0122,PLC Programming,Beginner
J0122,FastAPI,Beginner
J0122,SEO/SEM,Intermediate
J0123,Battery Management Systems,Beginner
J0123,Electric Powertrain,Advanced
J0123,Kubernetes,Beginner
J0123,SAP EWM,Intermediate
J0124,SEO/SEM,Advanced
J0124,Quantum Computing Basics,Beginner
J0124,Git,Advanced
J0125,Robotics Troubleshooting,Advanced
J0125,Data Structures,Intermediate
J0125,Git,Intermediate
J0126,SAP EWM,Beginner
J0126,Digital Electronics,Intermediate
J0126,Solar PV Design,Beginner
J0126,Content Strategy,Advanced
J0127,SAP EWM,Beginner
J0127,C++,Intermediate
J0127,Kubernetes,Beginner
J0128,Data Structures,Advanced
J0128,Digital Electronics,Intermediate
J0128,C++,Intermediate
J0128,Solar PV Design,Intermediate
J0129,React,Intermediate
J0129,Predictive Maintenance,Advanced
J0129,SQL,Beginner
J0129,Microprocessors,Advanced
J0129,Docker,Intermediate
J0130,Robotics Troubleshooting,Beginner
J0130,SQL,Beginner
J0130,Microprocessors,Intermediate
J0130,Solar PV Design,Intermediate
J0131,Electric Powertrain,Advanced
J0131,Predictive Maintenance,Intermediate
J0131,Content Strategy,Beginner
J0131,AWS,Advanced
J0132,Logistics Analytics,Intermediate
J0132,Inventory Management,Beginner
J0132,Git,Intermediate
J0132,Battery Management Systems,Intermediate
J0132,Docker,Intermediate
J0133,Content Strategy,Advanced
J0133,Power BI,Intermediate
J0133,Electric Powertrain,Intermediate
J0133,Digital Electronics,Beginner
J0133,Grid Integration,Advanced
J0134,Data Structures,Advanced
J0134,FastAPI,Beginner
J0134,Node.js,Intermediate
J0135,Microprocessors,Intermediate
J0135,Machine Learning,Beginner
J0135,Predictive Maintenance,Advanced
J0135,Python,Intermediate
J0136,Power BI,Beginner
J0136,Solar PV Design,Beginner
J0136,SEO/SEM,Intermediate
J0137,Docker,Advanced
J0137,Logistics Analytics,Intermediate
J0137,C++,Intermediate
J0137,Electric Powertrain,Intermediate
J0137,Content Strategy,Advanced
J0138,Predictive Maintenance,Beginner
J0138,SCADA,Advanced
J0138,Git,Intermediate
J0139,Kubernetes,Beginner
J0139,PLC Programming,Advanced
J0139,Content Strategy,Beginner
J0139,Digital Electronics,Beginner
J0140,Quantum Computing Basics,Advanced
J0140,SEO/SEM,Beginner
J0140,Electric Powertrain,Advanced
J0140,Logistics Analytics,Beginner
J0140,Kubernetes,Beginner
J0141,Git,Beginner
J0141,Digital Electronics,Beginner
J0141,C++,Beginner
J0141,Predictive Maintenance,Advanced
J0141,SAP EWM,Intermediate
J0142,C++,Intermediate
J0142,SCADA,Beginner
J0142,Microprocessors,Intermediate
J0142,Kubernetes,Intermediate
J0142,SAP EWM,Advanced
J0143,Power BI,Advanced
J0143,AWS,Beginner
J0143,Quantum Computing Basics,Advanced
J0143,Python,Advanced
J0144,Content Strategy,Beginner
J0144,Battery Management Systems,Beginner
J0144,SAP EWM,Beginner
J0144,Python,Advanced
J0145,Python,Beginner
J0145,Robotics Troubleshooting,Beginner
J0145,Machine Learning,Beginner
J0146,Battery Management Systems,Intermediate
J0146,Logistics Analytics,Advanced
J0146,Solar PV Design,Beginner
J0146,Python,Beginner
J0146,FastAPI,Intermediate
J0147,Grid Integration,Beginner
J0147,Power BI,Advanced
J0147,SEO/SEM,Advanced
J0147,Microprocessors,Beginner
J0148,Data Structures,Advanced
J0148,Battery Management Systems,Advanced
J0148,Logistics Analytics,Intermediate
J0149,Robotics Troubleshooting,Beginner
J0149,IoT Sensors,Beginner
J0149,Inventory Management,Advanced
J0149,Battery Management Systems,Advanced
J0150,Quantum Computing Basics,Advanced
J0150,Data Structures,Beginner
J0150,Microprocessors,Beginner
J0150,Digital Electronics,Beginner
J0151,Python,Beginner
J0151,SAP EWM,Beginner
J0151,C++,Intermediate
J0152,Git,Advanced
J0152,Predictive Maintenance,Beginner
J0152,SCADA,Intermediate
J0152,Kubernetes,Advanced
J0153,Machine Learning,Beginner
J0153,C++,Beginner
J0153,Robotics Troubleshooting,Intermediate
J0153,Predictive Maintenance,Intermediate
J0154,SAP EWM,Intermediate
J0154,C++,Intermediate
J0154,Electric Powertrain,Intermediate
J0154,Digital Electronics,Intermediate
J0154,SQL,Advanced
J0155,Digital Electronics,Beginner
J0155,SEO/SEM,Intermediate
J0155,Kubernetes,Beginner
J0156,Quantum Computing Basics,Intermediate
J0156,SCADA,Beginner
J0156,FastAPI,Beginner
J0156,React,Advanced
J0157,Quantum Computing Basics,Beginner
J0157,Microprocessors,Intermediate
J0157,Battery Management Systems,Advanced
J0157,Inventory Management,Intermediate
J0157,Content Strategy,Beginner
J0158,SCADA,Advanced
J0158,Solar PV Design,Intermediate
J0158,SEO/SEM,Intermediate
J0158,Robotics Troubleshooting,Advanced
J0159,SCADA,Beginner
J0159,Data Structures,Beginner
J0159,Inventory Management,Advanced
J0159,Microprocessors,Advanced
J0160,Logistics Analytics,Advanced
J0160,SAP EWM,Intermediate
J0160,SQL,Beginner
J0160,PLC Programming,Beginner
J0161,Power BI,Intermediate
J0161,SEO/SEM,Advanced
J0161,Predictive Maintenance,Intermediate
J0162,Power BI,Advanced
J0162,Content Strategy,Advanced
J0162,IoT Sensors,Beginner
J0163,Inventory Management,Intermediate
J0163,Docker,Beginner
J0163,FastAPI,Intermediate
J0163,PLC Programming,Beginner
J0163,Logistics Analytics,Beginner
J0164,PLC Programming,Intermediate
J0164,SCADA,Beginner
J0164,React,Advanced
J0164,Machine Learning,Advanced
J0165,Robotics Troubleshooting,Advanced
J0165,Docker,Intermediate
J0165,PLC Programming,Advanced
J0165,SAP EWM,Intermediate
J0166,SQL,Beginner
J0166,Grid Integration,Advanced
J0166,React,Beginner
J0166,Digital Electronics,Advanced
J0167,SEO/SEM,Beginner
J0167,SCADA,Intermediate
J0167,Git,Beginner
J0167,Predictive Maintenance,Intermediate
J0167,C++,Beginner
J0168,C++,Beginner
J0168,Logistics Analytics,Advanced
J0168,Microprocessors,Advanced
J0168,PLC Programming,Advanced
J0168,Electric Powertrain,Intermediate
J0169,Kubernetes,Intermediate
J0169,Solar PV Design,Advanced
J0169,SAP EWM,Advanced
J0169,Microprocessors,Beginner
J0170,Microprocessors,Advanced
J0170,SQL,Beginner
J0170,Kubernetes,Intermediate
J0170,Quantum Computing Basics,Intermediate
J0171,C++,Advanced
J0171,Data Structures,Advanced
J0171,Quantum Computing Basics,Advanced
J0172,Microprocessors,Advanced
J0172,Git,Intermediate
J0172,PLC Programming,Intermediate
J0172,Kubernetes,Advanced
J0173,AWS,Intermediate
J0173,PLC Programming,Advanced
J0173,Solar PV Design,Advanced
J0173,Docker,Advanced
J0173,IoT Sensors,Intermediate
J0174,Kubernetes,Intermediate
J0174,Docker,Beginner
J0174,React,Beginner
J0174,C++,Advanced
J0174,AWS,Intermediate
J0175,AWS,Beginner
J0175,Node.js,Intermediate
J0175,Microprocessors,Advanced
J0175,React,Beginner
J0175,Electric Powertrain,Beginner
J0176,Battery Management Systems,Beginner
J0176,Quantum Computing Basics,Beginner
J0176,Node.js,Intermediate
J0176,FastAPI,Advanced
J0177,Digital Electronics,Intermediate
J0177,Python,Advanced
J0177,Solar PV Design,Intermediate
J0177,FastAPI,Beginner
J0178,IoT Sensors,Intermediate
J0178,FastAPI,Intermediate
J0178,Machine Learning,Intermediate
J0179,Solar PV Design,Advanced
J0179,Digital Electronics,Intermediate
J0179,Grid Integration,Intermediate
J0179,Predictive Maintenance,Intermediate
J0179,Machine Learning,Beginner
J0180,Node.js,Beginner
J0180,Battery Management Systems,Beginner
J0180,SQL,Beginner
J0180,Predictive Maintenance,Advanced
J0180,Logistics Analytics,Beginner
J0181,Quantum Computing Basics,Intermediate
J0181,IoT Sensors,Advanced
J0181,Git,Intermediate
J0182,PLC Programming,Advanced
J0182,Machine Learning,Intermediate
J0182,Grid Integration,Advanced
J0182,Power BI,Beginner
J0183,Logistics Analytics,Advanced
J0183,Node.js,Beginner
J0183,SQL,Advanced
J0183,Machine Learning,Intermediate
J0183,Robotics Troubleshooting,Advanced
J0184,Content Strategy,Intermediate
J0184,IoT Sensors,Beginner
J0184,Python,Beginner
J0185,Power BI,Intermediate
J0185,Git,Beginner
J0185,Electric Powertrain,Intermediate
J0186,Python,Beginner
J0186,Content Strategy,Beginner
J0186,Microprocessors,Advanced
J0186,Kubernetes,Advanced
J0187,Data Structures,Beginner
J0187,React,Intermediate
J0187,AWS,Advanced
J0187,Electric Powertrain,Advanced
J0187,Grid Integration,Intermediate
J0188,C++,Beginner
J0188,Microprocessors,Beginner
J0188,Docker,Advanced
J0188,Predictive Maintenance,Beginner
J0189,Digital Electronics,Beginner
J0189,FastAPI,Beginner
J0189,Inventory Management,Beginner
J0190,SEO/SEM,Intermediate
J0190,IoT Sensors,Intermediate
J0190,Docker,Beginner
J0190,AWS,Advanced
J0191,Digital Electronics,Beginner
J0191,SEO/SEM,Intermediate
J0191,FastAPI,Beginner
J0192,Digital Electronics,Intermediate
J0192,Grid Integration,Intermediate
J0192,Logistics Analytics,Beginner
J0192,Inventory Management,Beginner
J0193,Robotics Troubleshooting,Intermediate
J0193,Data Structures,Beginner
J0193,Git,Beginner
J0193,Electric Powertrain,Intermediate
J0193,Solar PV Design,Intermediate
J0194,Kubernetes,Advanced
J0194,Logistics Analytics,Intermediate
J0194,Predictive Maintenance,Beginner
J0194,React,Advanced
J0195,AWS,Beginner
J0195,Battery Management Systems,Advanced
J0195,Electric Powertrain,Advanced
J0195,Robotics Troubleshooting,Beginner
J0195,C++,Advanced
J0196,SCADA,Intermediate
J0196,Python,Intermediate
J0196,Docker,Intermediate
J0197,Solar PV Design,Advanced
J0197,Node.js,Beginner
J0197,Logistics Analytics,Beginner
J0197,Battery Management Systems,Beginner
J0198,Docker,Intermediate
J0198,Node.js,Beginner
J0198,SCADA,Intermediate
J0199,React,Intermediate
J0199,C++,Advanced
J0199,Node.js,Beginner
J0199,Data Structures,Beginner
J0200,Kubernetes,Intermediate
J0200,Inventory Management,Advanced
J0200,SCADA,Beginner
J0201,PLC Programming,Beginner
J0201,Machine Learning,Advanced
J0201,Logistics Analytics,Intermediate
J0201,Robotics Troubleshooting,Intermediate
J0201,Quantum Computing Basics,Advanced
J0202,FastAPI,Beginner
J0202,Logistics Analytics,Beginner
J0202,Microprocessors,Intermediate
J0202,Electric Powertrain,Beginner
J0203,IoT Sensors,Beginner
J0203,Content Strategy,Advanced
J0203,Quantum Computing Basics,Intermediate
J0204,Quantum Computing Basics,Intermediate
J0204,Grid Integration,Beginner
J0204,AWS,Beginner
J0204,Solar PV Design,Beginner
J0204,SQL,Beginner
J0205,Quantum Computing Basics,Advanced
J0205,Docker,Intermediate
J0205,Logistics Analytics,Advanced
J0206,AWS,Intermediate
J0206,Inventory Management,Intermediate
J0206,Predictive Maintenance,Intermediate
J0206,Machine Learning,Beginner
J0206,SCADA,Intermediate
J0207,Logistics Analytics,Beginner
J0207,Docker,Beginner
J0207,Power BI,Intermediate
J0207,Grid Integration,Intermediate
J0208,React,Intermediate
J0208,Docker,Beginner
J0208,Predictive Maintenance,Intermediate
J0209,Logistics Analytics,Advanced
J0209,Node.js,Intermediate
J0209,Predictive Maintenance,Intermediate
J0209,React,Advanced
J0209,Microprocessors,Intermediate
J0210,SCADA,Advanced
J0210,IoT Sensors,Intermediate
J0210,Quantum Computing Basics,Advanced
J0210,Content Strategy,Intermediate
J0211,Node.js,Beginner
J0211,PLC Programming,Intermediate
J0211,React,Beginner
J0211,SCADA,Advanced
J0211,IoT Sensors,Intermediate
J0212,SQL,Intermediate
J0212,Power BI,Intermediate
J0212,PLC Programming,Beginner
J0212,Digital Electronics,Advanced
J0212,C++,Intermediate
J0213,Robotics Troubleshooting,Beginner
J0213,Node.js,Beginner
J0213,Quantum Computing Basics,Intermediate
J0214,PLC Programming,Beginner
J0214,IoT Sensors,Intermediate
J0214,SQL,Intermediate
J0215,Machine Learning,Advanced
J0215,Data Structures,Advanced
J0215,PLC Programming,Intermediate
J0215,Inventory Management,Beginner
J0216,Grid Integration,Intermediate
J0216,Power BI,Advanced
J0216,SCADA,Beginner
J0216,Inventory Management,Intermediate
J0217,Data Structures,Advanced
J0217,FastAPI,Beginner
J0217,Python,Advanced
J0217,Microprocessors,Intermediate
J0217,SCADA,Advanced
J0218,Inventory Management,Advanced
J0218,AWS,Beginner
J0218,Data Structures,Beginner
J0218,C++,Intermediate
J0219,Data Structures,Beginner
J0219,Microprocessors,Beginner
J0219,Kubernetes,Intermediate
J0220,SAP EWM,Intermediate
J0220,Grid Integration,Intermediate
J0220,Battery Management Systems,Advanced
J0221,Machine Learning,Intermediate
J0221,Quantum Computing Basics,Intermediate
J0221,SEO/SEM,Intermediate
J0222,Python,Beginner
J0222,Quantum Computing Basics,Advanced
J0222,React,Beginner
J0222,SAP EWM,Beginner
J0223,Data Structures,Intermediate
J0223,Node.js,Advanced
J0223,Docker,Advanced
J0224,PLC Programming,Beginner
J0224,Quantum Computing Basics,Intermediate
J0224,AWS,Advanced
J0224,Predictive Maintenance,Beginner
J0224,Inventory Management,Intermediate
J0225,Kubernetes,Intermediate
J0225,React,Beginner
J0225,Logistics Analytics,Beginner
J0225,SCADA,Advanced
J0225,Docker,Beginner
J0226,Python,Advanced
J0226,Robotics Troubleshooting,Intermediate
J0226,Machine Learning,Advanced
J0227,Data Structures,Beginner
J0227,Inventory Management,Intermediate
J0227,C++,Intermediate
J0228,FastAPI,Advanced
J0228,Quantum Computing Basics,Advanced
J0228,Kubernetes,Intermediate
J0229,Machine Learning,Beginner
J0229,Python,Advanced
J0229,Grid Integration,Beginner
J0230,C++,Advanced
J0230,Battery Management Systems,Beginner
J0230,PLC Programming,Beginner
J0231,Digital Electronics,Intermediate
J0231,Electric Powertrain,Advanced
J0231,Machine Learning,Intermediate
J0232,Python,Beginner
J0232,Power BI,Beginner
J0232,Machine Learning,Advanced
J0232,Quantum Computing Basics,Beginner
J0233,Machine Learning,Intermediate
J0233,C++,Intermediate
J0233,IoT Sensors,Intermediate
J0233,FastAPI,Advanced
J0234,Python,Advanced
J0234,IoT Sensors,Advanced
J0234,AWS,Advanced
J0234,Inventory Management,Beginner
J0234,Power BI,Beginner
J0235,Microprocessors,Advanced
J0235,AWS,Advanced
J0235,Digital Electronics,Advanced
J0235,React,Beginner
J0236,FastAPI,Advanced
J0236,Solar PV Design,Beginner
J0236,React,Intermediate
J0236,SAP EWM,Beginner
J0237,FastAPI,Beginner
J0237,Docker,Intermediate
J0237,Node.js,Intermediate
J0237,Machine Learning,Advanced
J0238,PLC Programming,Intermediate
J0238,Inventory Management,Advanced
J0238,Git,Advanced
J0238,Robotics Troubleshooting,Beginner
J0238,Docker,Beginner
J0239,Python,Intermediate
J0239,SCADA,Advanced
J0239,React,Advanced
J0240,Machine Learning,Intermediate
J0240,Electric Powertrain,Beginner
J0240,Python,Intermediate
J0241,Git,Advanced
J0241,Inventory Management,Advanced
J0241,Electric Powertrain,Intermediate
J0241,Power BI,Intermediate
J0241,Node.js,Intermediate
J0242,Solar PV Design,Beginner
J0242,Node.js,Intermediate
J0242,Git,Advanced
J0242,FastAPI,Beginner
J0243,Microprocessors,Beginner
J0243,FastAPI,Beginner
J0243,Kubernetes,Advanced
J0243,Content Strategy,Advanced
J0244,FastAPI,Beginner
J0244,Power BI,Intermediate
J0244,SEO/SEM,Advanced
J0245,FastAPI,Beginner
J0245,Logistics Analytics,Intermediate
J0245,AWS,Advanced
J0245,Electric Powertrain,Beginner
J0246,Data Structures,Advanced
J0246,IoT Sensors,Beginner
J0246,Electric Powertrain,Intermediate
J0246,SEO/SEM,Intermediate
J0247,Git,Advanced
J0247,Solar PV Design,Advanced
J0247,Machine Learning,Beginner
J0248,Inventory Management,Advanced
J0248,Data Structures,Beginner
J0248,Content Strategy,Intermediate
J0248,Predictive Maintenance,Intermediate
J0248,Docker,Advanced
J0249,React,Intermediate
J0249,Data Structures,Beginner
J0249,Logistics Analytics,Beginner
J0249,PLC Programming,Intermediate
J0249,Git,Beginner
J0250,FastAPI,Intermediate
J0250,Data Structures,Intermediate
J0250,AWS,Advanced
J0251,Kubernetes,Advanced
J0251,Digital Electronics,Beginner
J0251,Quantum Computing Basics,Advanced
J0252,Kubernetes,Advanced
J0252,Python,Intermediate
J0252,Quantum Computing Basics,Beginner
J0253,Inventory Management,Intermediate
J0253,Power BI,Intermediate
J0253,Microprocessors,Advanced
J0253,PLC Programming,Advanced
J0254,Power BI,Beginner
J0254,Solar PV Design,Beginner
J0254,SQL,Advanced
J0254,Robotics Troubleshooting,Advanced
J0254,Inventory Management,Beginner
J0255,React,Intermediate
J0255,Node.js,Intermediate
J0255,SQL,Beginner
J0256,Grid Integration,Advanced
J0256,PLC Programming,Intermediate
J0256,Power BI,Beginner
J0256,SCADA,Advanced
J0257,Digital Electronics,Advanced
J0257,AWS,Intermediate
J0257,Grid Integration,Intermediate
J0257,FastAPI,Intermediate
J0258,Solar PV Design,Advanced
J0258,C++,Beginner
J0258,Logistics Analytics,Beginner
J0259,C++,Beginner
J0259,Robotics Troubleshooting,Intermediate
J0259,Quantum Computing Basics,Advanced
J0259,IoT Sensors,Beginner
J0260,Microprocessors,Advanced
J0260,Docker,Advanced
J0260,Machine Learning,Beginner
J0261,Machine Learning,Beginner
J0261,Git,Advanced
J0261,Quantum Computing Basics,Advanced
J0262,Digital Electronics,Intermediate
J0262,SCADA,Beginner
J0262,IoT Sensors,Beginner
J0262,React,Advanced
J0262,Kubernetes,Advanced
J0263,Power BI,Beginner
J0263,Electric Powertrain,Beginner
J0263,React,Advanced
J0264,Kubernetes,Intermediate
J0264,Digital Electronics,Advanced
J0264,Machine Learning,Intermediate
J0264,Grid Integration,Beginner
J0264,React,Intermediate
J0265,Docker,Advanced
J0265,Data Structures,Intermediate
J0265,Grid Integration,Intermediate
J0265,Git,Beginner
J0265,Robotics Troubleshooting,Intermediate
J0266,Robotics Troubleshooting,Advanced
J0266,Battery Management Systems,Beginner
J0266,FastAPI,Beginner
J0266,AWS,Beginner
J0267,IoT Sensors,Beginner
J0267,Quantum Computing Basics,Beginner
J0267,Digital Electronics,Beginner
J0268,Python,Beginner
J0268,AWS,Intermediate
J0268,React,Beginner
J0269,Solar PV Design,Beginner
J0269,Power BI,Beginner
J0269,C++,Intermediate
J0269,SEO/SEM,Intermediate
J0269,Docker,Intermediate
J0270,SAP EWM,Advanced
J0270,Grid Integration,Intermediate
J0270,Microprocessors,Intermediate
J0271,AWS,Intermediate
J0271,Machine Learning,Intermediate
J0271,Electric Powertrain,Intermediate
J0272,React,Intermediate
J0272,Machine Learning,Advanced
J0272,Data Structures,Intermediate
J0272,AWS,Beginner
J0273,Power BI,Advanced
J0273,AWS,Intermediate
J0273,Kubernetes,Intermediate
J0273,Machine Learning,Advanced
J0273,Grid Integration,Advanced
J0274,FastAPI,Advanced
J0274,SQL,Beginner
J0274,Python,Beginner
J0274,React,Advanced
J0275,Predictive Maintenance,Advanced
J0275,SAP EWM,Intermediate
J0275,C++,Intermediate
J0276,IoT Sensors,Intermediate
J0276,FastAPI,Intermediate
J0276,Solar PV Design,Intermediate
J0277,Digital Electronics,Beginner
J0277,C++,Intermediate
J0277,SEO/SEM,Intermediate
J0278,Battery Management Systems,Intermediate
J0278,Data Structures,Advanced
J0278,Solar PV Design,Advanced
J0278,Logistics Analytics,Intermediate
J0279,SEO/SEM,Intermediate
J0279,Node.js,Beginner
J0279,Grid Integration,Intermediate
J0279,Electric Powertrain,Advanced
J0280,React,Advanced
J0280,Solar PV Design,Beginner
J0280,SCADA,Beginner
J0280,Data Structures,Advanced
J0281,Docker,Advanced
J0281,Machine Learning,Intermediate
J0281,Electric Powertrain,Intermediate
J0282,Electric Powertrain,Beginner
J0282,FastAPI,Beginner
J0282,Grid Integration,Intermediate
J0282,Data Structures,Beginner
J0282,Python,Intermediate
J0283,Node.js,Advanced
J0283,Quantum Computing Basics,Beginner
J0283,C++,Beginner
J0283,Docker,Advanced
J0283,Data Structures,Intermediate
J0284,AWS,Beginner
J0284,Robotics Troubleshooting,Advanced
J0284,Machine Learning,Intermediate
J0285,Battery Management Systems,Intermediate
J0285,Kubernetes,Advanced
J0285,Grid Integration,Advanced
J0285,C++,Intermediate
J0286,Electric Powertrain,Advanced
J0286,Python,Beginner
J0286,FastAPI,Intermediate
J0286,Docker,Intermediate
J0287,Grid Integration,Beginner
J0287,Machine Learning,Beginner
J0287,Kubernetes,Intermediate
J0288,Digital Electronics,Beginner
J0288,Logistics Analytics,Beginner
J0288,React,Beginner
J0288,Data Structures,Advanced
J0289,C++,Beginner
J0289,Quantum Computing Basics,Intermediate
J0289,Docker,Intermediate
J0289,FastAPI,Intermediate
J0289,Kubernetes,Intermediate
J0290,Python,Beginner
J0290,Robotics Troubleshooting,Intermediate
J0290,Node.js,Advanced
J0291,Node.js,Beginner
J0291,Quantum Computing Basics,Intermediate
J0291,Git,Intermediate
J0291,Logistics Analytics,Beginner
J0291,Solar PV Design,Advanced
J0292,Predictive Maintenance,Advanced
J0292,Microprocessors,Intermediate
J0292,Digital Electronics,Advanced
J0292,Electric Powertrain,Intermediate
J0293,SQL,Beginner
J0293,Docker,Intermediate
J0293,SCADA,Advanced
J0294,Robotics Troubleshooting,Advanced
J0294,React,Beginner
J0294,Battery Management Systems,Intermediate
J0294,Power BI,Beginner
J0295,React,Advanced
J0295,Battery Management Systems,Beginner
J0295,SEO/SEM,Intermediate
J0296,Robotics Troubleshooting,Advanced
J0296,Logistics Analytics,Beginner
J0296,Grid Integration,Beginner
J0296,Node.js,Intermediate
J0296,FastAPI,Intermediate
J0297,Microprocessors,Intermediate
J0297,React,Intermediate
J0297,SAP EWM,Beginner
J0297,IoT Sensors,Advanced
J0297,Solar PV Design,Beginner
J0298,Robotics Troubleshooting,Intermediate
J0298,Inventory Management,Intermediate
J0298,FastAPI,Beginner
J0298,React,Advanced
J0299,C++,Intermediate
J0299,Docker,Advanced
J0299,Electric Powertrain,Intermediate
J0299,Machine Learning,Beginner
J0299,FastAPI,Beginner
J0300,Robotics Troubleshooting,Beginner
J0300,FastAPI,Intermediate
J0300,Node.js,Advanced
J0300,AWS,Intermediate
J0300,C++,Advanced
J0301,AWS,Beginner
J0301,IoT Sensors,Intermediate
J0301,Power BI,Intermediate
J0301,Machine Learning,Intermediate
J0302,Logistics Analytics,Intermediate
J0302,Python,Beginner
J0302,Quantum Computing Basics,Beginner
J0303,SQL,Advanced
J0303,Grid Integration,Advanced
J0303,Digital Electronics,Intermediate
J0304,Inventory Management,Intermediate
J0304,IoT Sensors,Beginner
J0304,Solar PV Design,Intermediate
J0304,Power BI,Advanced
J0304,React,Advanced
J0305,Electric Powertrain,Advanced
J0305,SCADA,Advanced
J0305,React,Advanced
J0305,Data Structures,Beginner
J0306,Robotics Troubleshooting,Intermediate
J0306,Power BI,Advanced
J0306,Inventory Management,Advanced
J0306,IoT Sensors,Intermediate
J0306,Microprocessors,Intermediate
J0307,SEO/SEM,Advanced
J0307,Digital Electronics,Beginner
J0307,Inventory Management,Advanced
J0307,PLC Programming,Advanced
J0307,Git,Intermediate
J0308,Kubernetes,Advanced
J0308,Electric Powertrain,Beginner
J0308,Docker,Advanced
J0308,Content Strategy,Intermediate
J0309,Digital Electronics,Advanced
J0309,Python,Intermediate
J0309,Quantum Computing Basics,Advanced
J0309,SEO/SEM,Intermediate
J0309,Logistics Analytics,Beginner
J0310,Node.js,Advanced
J0310,Logistics Analytics,Intermediate
J0310,Kubernetes,Intermediate
J0311,SAP EWM,Advanced
J0311,Digital Electronics,Beginner
J0311,Inventory Management,Beginner
J0312,Solar PV Design,Beginner
J0312,Electric Powertrain,Intermediate
J0312,SAP EWM,Intermediate
J0312,Kubernetes,Advanced
J0313,Solar PV Design,Advanced
J0313,Battery Management Systems,Beginner
J0313,Quantum Computing Basics,Beginner
J0313,IoT Sensors,Advanced
J0313,Microprocessors,Advanced
J0314,Docker,Beginner
J0314,SCADA,Beginner
J0314,Node.js,Advanced
J0315,SQL,Intermediate
J0315,Data Structures,Intermediate
J0315,Battery Management Systems,Advanced
J0316,Data Structures,Intermediate
J0316,Power BI,Intermediate
J0316,FastAPI,Beginner
J0316,Kubernetes,Beginner
J0317,SAP EWM,Intermediate
J0317,Robotics Troubleshooting,Intermediate
J0317,Kubernetes,Beginner
J0317,Power BI,Beginner
J0317,IoT Sensors,Advanced
J0318,Grid Integration,Advanced
J0318,Kubernetes,Beginner
J0318,C++,Intermediate
J0318,React,Advanced
J0318,AWS,Beginner
J0319,FastAPI,Beginner
J0319,Python,Intermediate
J0319,Content Strategy,Intermediate
J0320,React,Intermediate
J0320,Docker,Beginner
J0320,Machine Learning,Advanced
J0321,Python,Intermediate
J0321,Solar PV Design,Advanced
J0321,Battery Management Systems,Intermediate
J0321,SQL,Intermediate
J0321,Grid Integration,Beginner
J0322,Robotics Troubleshooting,Beginner
J0322,Inventory Management,Beginner
J0322,Kubernetes,Intermediate
J0322,Quantum Computing Basics,Beginner
J0322,FastAPI,Intermediate
J0323,Predictive Maintenance,Intermediate
J0323,Docker,Beginner
J0323,PLC Programming,Advanced
J0324,C++,Beginner
J0324,Solar PV Design,Intermediate
J0324,Predictive Maintenance,Intermediate
J0324,Python,Intermediate
J0324,Electric Powertrain,Intermediate
J0325,Node.js,Advanced
J0325,Battery Management Systems,Advanced
J0325,PLC Programming,Beginner
J0325,Logistics Analytics,Advanced
J0326,Digital Electronics,Advanced
J0326,Node.js,Advanced
J0326,Logistics Analytics,Intermediate
J0326,SQL,Advanced
J0326,Content Strategy,Beginner
J0327,Docker,Beginner
J0327,SQL,Advanced
J0327,Content Strategy,Advanced
J0327,Node.js,Beginner
J0328,Power BI,Beginner
J0328,SCADA,Beginner
J0328,SAP EWM,Advanced
J0328,Logistics Analytics,Advanced
J0329,Node.js,Intermediate
J0329,SAP EWM,Beginner
J0329,Logistics Analytics,Beginner
J0330,Machine Learning,Advanced
J0330,Logistics Analytics,Intermediate
J0330,Content Strategy,Intermediate
J0330,Solar PV Design,Advanced
J0331,Predictive Maintenance,Intermediate
J0331,React,Beginner
J0331,Electric Powertrain,Intermediate
J0332,Solar PV Design,Beginner
J0332,Electric Powertrain,Advanced
J0332,SEO/SEM,Intermediate
J0332,SAP EWM,Advanced
J0333,Microprocessors,Beginner
J0333,Machine Learning,Intermediate
J0333,IoT Sensors,Beginner
J0333,PLC Programming,Beginner
J0333,Logistics Analytics,Intermediate
J0334,PLC Programming,Beginner
J0334,AWS,Intermediate
J0334,Git,Beginner
J0334,Grid Integration,Intermediate
J0334,Inventory Management,Advanced
J0335,Kubernetes,Advanced
J0335,Logistics Analytics,Intermediate
J0335,SCADA,Advanced
J0335,SEO/SEM,Advanced
J0336,Kubernetes,Advanced
J0336,Content Strategy,Beginner
J0336,Node.js,Intermediate
J0336,Git,Intermediate
J0337,SCADA,Beginner
J0337,SQL,Intermediate
J0337,SEO/SEM,Intermediate
J0338,Docker,Beginner
J0338,Node.js,Intermediate
J0338,SCADA,Beginner
J0338,C++,Beginner
J0338,Predictive Maintenance,Beginner
J0339,React,Beginner
J0339,Node.js,Advanced
J0339,Predictive Maintenance,Beginner
J0339,IoT Sensors,Advanced
J0339,Battery Management Systems,Intermediate
J0340,SQL,Beginner
J0340,SAP EWM,Advanced
J0340,Power BI,Beginner
J0340,Docker,Intermediate
J0340,React,Advanced
J0341,Quantum Computing Basics,Intermediate
J0341,Predictive Maintenance,Advanced
J0341,Electric Powertrain,Intermediate
J0341,Power BI,Advanced
J0341,SEO/SEM,Intermediate
J0342,Inventory Management,Beginner
J0342,Electric Powertrain,Advanced
J0342,SAP EWM,Intermediate
J0343,PLC Programming,Intermediate
J0343,Microprocessors,Advanced
J0343,Battery Management Systems,Intermediate
J0344,Power BI,Beginner
J0344,SCADA,Beginner
J0344,Git,Advanced
J0345,Electric Powertrain,Advanced
J0345,Microprocessors,Advanced
J0345,Solar PV Design,Intermediate
J0345,Kubernetes,Beginner
J0346,React,Intermediate
J0346,Docker,Advanced
J0346,Node.js,Beginner
J0346,Digital Electronics,Advanced
J0347,Node.js,Intermediate
J0347,Microprocessors,Intermediate
J0347,Machine Learning,Intermediate
J0347,Content Strategy,Beginner
J0348,Python,Intermediate
J0348,Microprocessors,Intermediate
J0348,SQL,Beginner
J0348,IoT Sensors,Intermediate
J0349,Logistics Analytics,Beginner
J0349,FastAPI,Beginner
J0349,Node.js,Beginner
J0349,React,Beginner
J0349,SQL,Beginner
J0350,Solar PV Design,Intermediate
J0350,Battery Management Systems,Beginner
J0350,SCADA,Intermediate
J0350,Data Structures,Beginner
J0351,PLC Programming,Advanced
J0351,Predictive Maintenance,Beginner
J0351,AWS,Intermediate
J0351,Data Structures,Advanced
J0351,Inventory Management,Advanced
J0352,Node.js,Intermediate
J0352,React,Advanced
J0352,SCADA,Beginner
J0353,Docker,Intermediate
J0353,Logistics Analytics,Advanced
J0353,SAP EWM,Beginner
J0354,Battery Management Systems,Advanced
J0354,Kubernetes,Beginner
J0354,SAP EWM,Intermediate
J0354,SEO/SEM,Beginner
J0354,IoT Sensors,Intermediate
J0355,IoT Sensors,Advanced
J0355,Solar PV Design,Intermediate
J0355,Quantum Computing Basics,Intermediate
J0355,Power BI,Beginner
J0356,Digital Electronics,Intermediate
J0356,React,Intermediate
J0356,Content Strategy,Beginner
J0356,FastAPI,Advanced
J0356,Machine Learning,Advanced
J0357,Node.js,Advanced
J0357,Solar PV Design,Intermediate
J0357,Machine Learning,Advanced
J0357,Electric Powertrain,Advanced
J0357,Content Strategy,Advanced
J0358,Python,Beginner
J0358,SCADA,Advanced
J0358,Power BI,Advanced
J0359,Electric Powertrain,Intermediate
J0359,PLC Programming,Intermediate
J0359,Data Structures,Advanced
J0359,Logistics Analytics,Intermediate
J0360,Git,Advanced
J0360,Data Structures,Intermediate
J0360,IoT Sensors,Beginner
J0360,Docker,Intermediate
J0361,Git,Advanced
J0361,Docker,Beginner
J0361,Predictive Maintenance,Intermediate
J0361,Inventory Management,Intermediate
J0362,Robotics Troubleshooting,Intermediate
J0362,Power BI,Intermediate
J0362,SAP EWM,Intermediate
J0362,Content Strategy,Intermediate
J0363,Inventory Management,Intermediate
J0363,C++,Beginner
J0363,SQL,Intermediate
J0363,Content Strategy,Intermediate
J0364,Power BI,Advanced
J0364,Content Strategy,Advanced
J0364,Battery Management Systems,Advanced
J0364,Quantum Computing Basics,Advanced
J0364,React,Advanced
J0365,Data Structures,Advanced
J0365,Content Strategy,Intermediate
J0365,Power BI,Intermediate
J0366,Power BI,Beginner
J0366,Microprocessors,Beginner
J0366,Electric Powertrain,Advanced
J0366,Kubernetes,Intermediate
J0366,Robotics Troubleshooting,Beginner
J0367,Quantum Computing Basics,Advanced
J0367,Kubernetes,Beginner
J0367,PLC Programming,Intermediate
J0367,Node.js,Advanced
J0367,Inventory Management,Beginner
J0368,Quantum Computing Basics,Advanced
J0368,Microprocessors,Intermediate
J0368,IoT Sensors,Intermediate
J0368,Solar PV Design,Beginner
J0369,Grid Integration,Beginner
J0369,IoT Sensors,Advanced
J0369,Inventory Management,Intermediate
J0369,Machine Learning,Intermediate
J0370,Predictive Maintenance,Intermediate
J0370,Power BI,Intermediate
J0370,React,Intermediate
J0370,Python,Intermediate
J0370,Microprocessors,Advanced
J0371,Power BI,Intermediate
J0371,Inventory Management,Intermediate
J0371,SQL,Intermediate
J0371,Content Strategy,Beginner
J0371,FastAPI,Beginner
J0372,Battery Management Systems,Beginner
J0372,Grid Integration,Advanced
J0372,SQL,Advanced
J0372,Content Strategy,Advanced
J0373,C++,Advanced
J0373,Predictive Maintenance,Intermediate
J0373,IoT Sensors,Beginner
J0373,Inventory Management,Intermediate
J0373,Robotics Troubleshooting,Advanced
J0374,Inventory Management,Beginner
J0374,Digital Electronics,Beginner
J0374,Node.js,Beginner
J0374,Machine Learning,Intermediate
J0375,Battery Management Systems,Advanced
J0375,Python,Intermediate
J0375,Solar PV Design,Intermediate
J0375,Electric Powertrain,Intermediate
J0375,Data Structures,Advanced
J0376,Git,Beginner
J0376,IoT Sensors,Advanced
J0376,Python,Beginner
J0376,React,Beginner
J0376,Inventory Management,Intermediate
J0377,Content Strategy,Intermediate
J0377,Microprocessors,Intermediate
J0377,C++,Intermediate
J0377,Predictive Maintenance,Beginner
J0378,IoT Sensors,Intermediate
J0378,Data Structures,Advanced
J0378,Python,Beginner
J0378,React,Advanced
J0378,SAP EWM,Intermediate
J0379,Power BI,Intermediate
J0379,Docker,Advanced
J0379,Git,Beginner
J0379,Grid Integration,Advanced
J0379,Battery Management Systems,Intermediate
J0380,SAP EWM,Beginner
J0380,Data Structures,Beginner
J0380,FastAPI,Beginner
J0380,Electric Powertrain,Beginner
J0381,Docker,Advanced
J0381,Quantum Computing Basics,Beginner
J0381,Electric Powertrain,Beginner
J0381,SCADA,Intermediate
J0382,Python,Beginner
J0382,C++,Beginner
J0382,Predictive Maintenance,Beginner
J0383,Kubernetes,Beginner
J0383,Electric Powertrain,Beginner
J0383,SEO/SEM,Advanced
J0384,Microprocessors,Intermediate
J0384,AWS,Beginner
J0384,Digital Electronics,Intermediate
J0384,Grid Integration,Intermediate
J0384,Quantum Computing Basics,Advanced
J0385,SQL,Beginner
J0385,SEO/SEM,Beginner
J0385,Machine Learning,Advanced
J0385,FastAPI,Intermediate
J0385,Data Structures,Intermediate
J0386,Data Structures,Beginner
J0386,Inventory Management,Intermediate
J0386,Electric Powertrain,Advanced
J0386,Python,Beginner
J0387,Microprocessors,Intermediate
J0387,Robotics Troubleshooting,Advanced
J0387,Solar PV Design,Advanced
J0387,Machine Learning,Beginner
J0388,PLC Programming,Intermediate
J0388,Content Strategy,Intermediate
J0388,AWS,Beginner
J0389,Solar PV Design,Intermediate
J0389,Node.js,Intermediate
J0389,Machine Learning,Advanced
J0389,Data Structures,Intermediate
J0389,Predictive Maintenance,Beginner
J0390,SQL,Advanced
J0390,Electric Powertrain,Advanced
J0390,FastAPI,Intermediate
J0391,Electric Powertrain,Intermediate
J0391,FastAPI,Advanced
J0391,IoT Sensors,Intermediate
J0391,Grid Integration,Intermediate
J0392,SEO/SEM,Intermediate
J0392,Machine Learning,Advanced
J0392,Docker,Advanced
J0392,Power BI,Beginner
J0393,Robotics Troubleshooting,Advanced
J0393,Data Structures,Intermediate
J0393,Quantum Computing Basics,Advanced
J0394,Power BI,Advanced
J0394,Machine Learning,Beginner
J0394,Digital Electronics,Beginner
J0395,IoT Sensors,Advanced
J0395,SEO/SEM,Intermediate
J0395,Electric Powertrain,Advanced
J0395,FastAPI,Intermediate
J0396,Git,Beginner
J0396,Node.js,Beginner
J0396,Python,Advanced
J0396,AWS,Beginner
J0396,Power BI,Beginner
J0397,Digital Electronics,Intermediate
J0397,Predictive Maintenance,Advanced
J0397,SAP EWM,Advanced
J0397,Machine Learning,Beginner
J0397,Battery Management Systems,Intermediate
J0398,Power BI,Intermediate
J0398,Logistics Analytics,Beginner
J0398,FastAPI,Advanced
J0398,SQL,Beginner
J0398,Digital Electronics,Intermediate
J0399,React,Beginner
J0399,Predictive Maintenance,Advanced
J0399,Digital Electronics,Intermediate
J0399,SCADA,Intermediate
J0399,SQL,Advanced
J0400,Kubernetes,Beginner
J0400,Python,Intermediate
J0400,Quantum Computing Basics,Beginner
J0400,SCADA,Intermediate
J0400,Logistics Analytics,Intermediate
J0401,SEO/SEM,Beginner
J0401,Digital Electronics,Advanced
J0401,AWS,Advanced
J0401,Data Structures,Advanced
J0402,Microprocessors,Intermediate
J0402,IoT Sensors,Intermediate
J0402,Git,Advanced
J0403,Content Strategy,Beginner
J0403,Battery Management Systems,Intermediate
J0403,C++,Beginner
J0403,Machine Learning,Advanced
J0403,Quantum Computing Basics,Advanced
J0404,Machine Learning,Advanced
J0404,React,Advanced
J0404,Python,Intermediate
J0404,Solar PV Design,Intermediate
J0405,Logistics Analytics,Beginner
J0405,Python,Beginner
J0405,FastAPI,Advanced
J0405,Node.js,Advanced
J0406,Predictive Maintenance,Beginner
J0406,C++,Beginner
J0406,Data Structures,Beginner
J0406,Machine Learning,Advanced
J0407,Digital Electronics,Beginner
J0407,C++,Advanced
J0407,IoT Sensors,Beginner
J0408,Machine Learning,Beginner
J0408,SAP EWM,Advanced
J0408,PLC Programming,Advanced
J0408,Content Strategy,Beginner
J0409,Power BI,Beginner
J0409,IoT Sensors,Intermediate
J0409,Quantum Computing Basics,Intermediate
J0410,Robotics Troubleshooting,Advanced
J0410,React,Beginner
J0410,SCADA,Beginner
J0411,FastAPI,Intermediate
J0411,AWS,Beginner
J0411,Kubernetes,Intermediate
J0412,Data Structures,Advanced
J0412,Grid Integration,Advanced
J0412,Machine Learning,Intermediate
J0412,Content Strategy,Intermediate
J0413,Battery Management Systems,Advanced
J0413,PLC Programming,Advanced
J0413,Digital Electronics,Intermediate
J0413,React,Beginner
J0413,Inventory Management,Beginner
J0414,PLC Programming,Intermediate
J0414,Git,Beginner
J0414,SQL,Beginner
J0414,Logistics Analytics,Intermediate
J0415,Git,Advanced
J0415,SAP EWM,Beginner
J0415,Battery Management Systems,Intermediate
J0415,AWS,Intermediate
J0415,Kubernetes,Intermediate
J0416,Python,Beginner
J0416,Logistics Analytics,Advanced
J0416,Node.js,Advanced
J0416,IoT Sensors,Beginner
J0416,Electric Powertrain,Advanced
J0417,Node.js,Advanced
J0417,Kubernetes,Intermediate
J0417,Data Structures,Intermediate
J0417,SEO/SEM,Intermediate
J0417,Git,Advanced
J0418,AWS,Beginner
J0418,Predictive Maintenance,Beginner
J0418,Machine Learning,Advanced
J0419,Quantum Computing Basics,Advanced
J0419,Data Structures,Beginner
J0419,Power BI,Intermediate
J0419,SEO/SEM,Beginner
J0420,Microprocessors,Advanced
J0420,Predictive Maintenance,Beginner
J0420,Solar PV Design,Intermediate
J0421,Grid Integration,Beginner
J0421,Power BI,Beginner
J0421,Logistics Analytics,Intermediate
J0421,IoT Sensors,Intermediate
J0421,Data Structures,Intermediate
J0422,Predictive Maintenance,Beginner
J0422,Digital Electronics,Advanced
J0422,Git,Beginner
J0423,React,Intermediate
J0423,Kubernetes,Intermediate
J0423,Quantum Computing Basics,Beginner
J0423,Content Strategy,Intermediate
J0424,Python,Beginner
J0424,Docker,Beginner
J0424,SQL,Advanced
J0424,Power BI,Beginner
J0424,Microprocessors,Beginner
J0425,Inventory Management,Intermediate
J0425,Content Strategy,Beginner
J0425,Docker,Advanced
J0425,Grid Integration,Intermediate
J0425,Power BI,Intermediate
J0426,PLC Programming,Advanced
J0426,Data Structures,Beginner
J0426,Digital Electronics,Beginner
J0426,FastAPI,Intermediate
J0427,Power BI,Intermediate
J0427,Node.js,Intermediate
J0427,SAP EWM,Intermediate
J0427,Solar PV Design,Beginner
J0428,Power BI,Advanced
J0428,Git,Intermediate
J0428,SQL,Beginner
J0428,FastAPI,Intermediate
J0429,SQL,Advanced
J0429,Battery Management Systems,Advanced
J0429,Power BI,Beginner
J0429,Quantum Computing Basics,Intermediate
J0429,Docker,Advanced
J0430,Inventory Management,Advanced
J0430,Digital Electronics,Beginner
J0430,Predictive Maintenance,Beginner
J0431,C++,Intermediate
J0431,Grid Integration,Beginner
J0431,Kubernetes,Beginner
J0431,Content Strategy,Intermediate
J0432,Node.js,Beginner
J0432,SCADA,Intermediate
J0432,Microprocessors,Intermediate
J0433,Kubernetes,Intermediate
J0433,PLC Programming,Beginner
J0433,SAP EWM,Advanced
J0433,Content Strategy,Beginner
J0434,Microprocessors,Advanced
J0434,AWS,Advanced
J0434,Docker,Beginner
J0435,React,Advanced
J0435,Kubernetes,Intermediate
J0435,Electric Powertrain,Beginner
J0435,Power BI,Advanced
J0435,Git,Advanced
J0436,Digital Electronics,Beginner
J0436,React,Advanced
J0436,Power BI,Intermediate
J0437,SAP EWM,Beginner
J0437,Inventory Management,Advanced
J0437,Grid Integration,Intermediate
J0437,Kubernetes,Beginner
J0437,PLC Programming,Beginner
J0438,AWS,Beginner
J0438,Robotics Troubleshooting,Beginner
J0438,React,Intermediate
J0439,Logistics Analytics,Advanced
J0439,Microprocessors,Advanced
J0439,Machine Learning,Beginner
J0439,PLC Programming,Advanced
J0439,Content Strategy,Advanced
J0440,SCADA,Advanced
J0440,SQL,Intermediate
J0440,IoT Sensors,Beginner
J0440,Machine Learning,Intermediate
J0441,Predictive Maintenance,Beginner
J0441,Battery Management Systems,Beginner
J0441,Docker,Beginner
J0441,Quantum Computing Basics,Intermediate
J0441,Logistics Analytics,Advanced
J0442,Battery Management Systems,Intermediate
J0442,Grid Integration,Intermediate
J0442,SEO/SEM,Intermediate
J0442,SAP EWM,Advanced
J0443,Node.js,Advanced
J0443,AWS,Beginner
J0443,SQL,Advanced
J0443,Data Structures,Advanced
J0444,Solar PV Design,Intermediate
J0444,Content Strategy,Intermediate
J0444,Electric Powertrain,Beginner
J0445,Predictive Maintenance,Beginner
J0445,Node.js,Beginner
J0445,FastAPI,Advanced
J0445,SAP EWM,Advanced
J0446,Python,Intermediate
J0446,C++,Intermediate
J0446,Machine Learning,Advanced
J0447,Node.js,Beginner
J0447,Quantum Computing Basics,Advanced
J0447,SCADA,Intermediate
J0448,Electric Powertrain,Beginner
J0448,Microprocessors,Advanced
J0448,Predictive Maintenance,Beginner
J0449,Robotics Troubleshooting,Beginner
J0449,Python,Beginner
J0449,SEO/SEM,Advanced
J0449,AWS,Intermediate
J0450,Logistics Analytics,Advanced
J0450,C++,Intermediate
J0450,Power BI,Advanced
J0451,Python,Intermediate
J0451,FastAPI,Advanced
J0451,Content Strategy,Intermediate
J0452,SCADA,Beginner
J0452,Git,Beginner
J0452,Battery Management Systems,Beginner
J0453,C++,Intermediate
J0453,Solar PV Design,Beginner
J0453,Kubernetes,Advanced
J0453,PLC Programming,Advanced
J0453,Quantum Computing Basics,Intermediate
J0454,PLC Programming,Intermediate
J0454,Power BI,Intermediate
J0454,Kubernetes,Beginner
J0455,Kubernetes,Beginner
J0455,Quantum Computing Basics,Intermediate
J0455,Logistics Analytics,Intermediate
J0455,Digital Electronics,Intermediate
J0456,PLC Programming,Advanced
J0456,Predictive Maintenance,Beginner
J0456,Solar PV Design,Advanced
J0456,IoT Sensors,Advanced
J0456,Data Structures,Beginner
J0457,AWS,Advanced
J0457,PLC Programming,Advanced
J0457,Electric Powertrain,Beginner
J0458,Digital Electronics,Beginner
J0458,Kubernetes,Intermediate
J0458,IoT Sensors,Intermediate
J0458,Quantum Computing Basics,Beginner
J0459,AWS,Beginner
J0459,Robotics Troubleshooting,Advanced
J0459,Kubernetes,Intermediate
J0460,Docker,Intermediate
J0460,Node.js,Intermediate
J0460,Battery Management Systems,Beginner
J0460,Machine Learning,Intermediate
J0461,Content Strategy,Beginner
J0461,Power BI,Beginner
J0461,Predictive Maintenance,Beginner
J0461,Node.js,Beginner
J0462,Data Structures,Intermediate
J0462,Kubernetes,Intermediate
J0462,Electric Powertrain,Intermediate
J0463,SAP EWM,Advanced
J0463,PLC Programming,Intermediate
J0463,SEO/SEM,Intermediate
J0464,Data Structures,Advanced
J0464,SAP EWM,Intermediate
J0464,FastAPI,Intermediate
J0464,SQL,Advanced
J0464,C++,Advanced
J0465,Data Structures,Intermediate
J0465,Kubernetes,Intermediate
J0465,Python,Beginner
J0465,IoT Sensors,Beginner
J0465,Solar PV Design,Intermediate
J0466,Electric Powertrain,Beginner
J0466,C++,Intermediate
J0466,AWS,Intermediate
J0467,IoT Sensors,Advanced
J0467,AWS,Advanced
J0467,Git,Intermediate
J0468,Predictive Maintenance,Beginner
J0468,Microprocessors,Intermediate
J0468,IoT Sensors,Advanced
J0469,Electric Powertrain,Advanced
J0469,Power BI,Beginner
J0469,Quantum Computing Basics,Advanced
J0469,Content Strategy,Advanced
J0469,Battery Management Systems,Beginner
J0470,Battery Management Systems,Intermediate
J0470,Kubernetes,Beginner
J0470,PLC Programming,Intermediate
J0470,Python,Beginner
J0471,Content Strategy,Intermediate
J0471,C++,Intermediate
J0471,AWS,Intermediate
J0472,SQL,Beginner
J0472,Power BI,Intermediate
J0472,React,Beginner
J0472,C++,Advanced
J0472,FastAPI,Intermediate
J0473,PLC Programming,Advanced
J0473,Digital Electronics,Advanced
J0473,Logistics Analytics,Beginner
J0474,Machine Learning,Advanced
J0474,FastAPI,Beginner
J0474,SCADA,Advanced
J0474,Predictive Maintenance,Beginner
J0474,Data Structures,Advanced
J0475,Digital Electronics,Intermediate
J0475,SEO/SEM,Advanced
J0475,Node.js,Advanced
J0475,Python,Intermediate
J0475,Electric Powertrain,Beginner
J0476,Robotics Troubleshooting,Advanced
J0476,React,Beginner
J0476,Data Structures,Beginner
J0476,Predictive Maintenance,Advanced
J0476,Kubernetes,Beginner
J0477,Logistics Analytics,Advanced
J0477,PLC Programming,Beginner
J0477,SAP EWM,Advanced
J0477,Grid Integration,Beginner
J0477,Solar PV Design,Advanced
J0478,Power BI,Beginner
J0478,Data Structures,Intermediate
J0478,Machine Learning,Intermediate
J0478,Python,Beginner
J0478,PLC Programming,Intermediate
J0479,SQL,Beginner
J0479,Robotics Troubleshooting,Advanced
J0479,AWS,Intermediate
J0480,Microprocessors,Intermediate
J0480,FastAPI,Beginner
J0480,Robotics Troubleshooting,Beginner
J0481,SCADA,Intermediate
J0481,Quantum Computing Basics,Beginner
J0481,Python,Beginner
J0482,C++,Beginner
J0482,Python,Advanced
J0482,Quantum Computing Basics,Beginner
J0482,Battery Management Systems,Beginner
J0482,Predictive Maintenance,Beginner
J0483,Python,Beginner
J0483,SQL,Advanced
J0483,Robotics Troubleshooting,Intermediate
J0484,Git,Intermediate
J0484,Digital Electronics,Beginner
J0484,PLC Programming,Beginner
J0485,Solar PV Design,Advanced
J0485,Power BI,Intermediate
J0485,Microprocessors,Advanced
J0485,SQL,Beginner
J0485,FastAPI,Beginner
J0486,Electric Powertrain,Advanced
J0486,SQL,Intermediate
J0486,Data Structures,Intermediate
J0486,SAP EWM,Beginner
J0486,Kubernetes,Intermediate
J0487,SCADA,Advanced
J0487,Quantum Computing Basics,Beginner
J0487,Python,Beginner
J0487,Machine Learning,Intermediate
J0487,Solar PV Design,Intermediate
J0488,FastAPI,Beginner
J0488,SEO/SEM,Beginner
J0488,Docker,Intermediate
J0488,Node.js,Advanced
J0488,Machine Learning,Beginner
J0489,PLC Programming,Beginner
J0489,Microprocessors,Beginner
J0489,SCADA,Beginner
J0490,Machine Learning,Beginner
J0490,SCADA,Beginner
J0490,Data Structures,Advanced
J0490,Python,Beginner
J0491,Power BI,Beginner
J0491,Grid Integration,Advanced
J0491,SQL,Beginner
J0492,Kubernetes,Beginner
J0492,AWS,Beginner
J0492,IoT Sensors,Beginner
J0492,Quantum Computing Basics,Intermediate
J0492,Data Structures,Beginner
J0493,FastAPI,Beginner
J0493,Microprocessors,Intermediate
J0493,SEO/SEM,Beginner
J0493,IoT Sensors,Advanced
J0493,Digital Electronics,Advanced
J0494,React,Intermediate
J0494,Machine Learning,Intermediate
J0494,Microprocessors,Beginner
J0494,PLC Programming,Advanced
J0495,Content Strategy,Beginner
J0495,Kubernetes,Advanced
J0495,Inventory Management,Beginner
J0495,IoT Sensors,Advanced
J0496,Power BI,Advanced
J0496,Machine Learning,Beginner
J0496,Digital Electronics,Advanced
J0497,Solar PV Design,Advanced
J0497,Robotics Troubleshooting,Intermediate
J0497,FastAPI,Advanced
J0497,Power BI,Advanced
J0498,Content Strategy,Advanced
J0498,Logistics Analytics,Beginner
J0498,SEO/SEM,Advanced
J0498,Solar PV Design,Advanced
J0498,Microprocessors,Beginner
J0499,Data Structures,Advanced
J0499,Logistics Analytics,Intermediate
J0499,AWS,Intermediate
J0499,Predictive Maintenance,Advanced
J0499,Inventory Management,Intermediate
J0500,Git,Intermediate
J0500,Node.js,Intermediate
J0500,PLC Programming,Advanced
J0500,Digital Electronics,Beginner
J0501,Data Structures,Beginner
J0501,SEO/SEM,Advanced
J0501,Electric Powertrain,Intermediate
J0501,Content Strategy,Advanced
J0502,SEO/SEM,Advanced
J0502,FastAPI,Advanced
J0502,Content Strategy,Intermediate
J0502,Microprocessors,Beginner
J0502,Digital Electronics,Beginner
J0503,SEO/SEM,Beginner
J0503,React,Intermediate
J0503,Docker,Advanced
J0503,Power BI,Beginner
J0504,SEO/SEM,Beginner
J0504,SCADA,Intermediate
J0504,Node.js,Advanced
J0504,Kubernetes,Advanced
J0505,Robotics Troubleshooting,Advanced
J0505,Inventory Management,Beginner
J0505,SAP EWM,Advanced
J0505,React,Beginner
J0506,SAP EWM,Intermediate
J0506,Data Structures,Beginner
J0506,PLC Programming,Advanced
J0506,Logistics Analytics,Intermediate
J0507,SQL,Advanced
J0507,IoT Sensors,Beginner
J0507,Predictive Maintenance,Beginner
J0508,Data Structures,Intermediate
J0508,Kubernetes,Beginner
J0508,Node.js,Intermediate
J0508,React,Beginner
J0508,Microprocessors,Intermediate
J0509,Inventory Management,Intermediate
J0509,Power BI,Advanced
J0509,Microprocessors,Intermediate
J0509,C++,Advanced
J0510,Machine Learning,Advanced
J0510,Predictive Maintenance,Beginner
J0510,Robotics Troubleshooting,Advanced
J0510,Docker,Beginner
J0510,React,Intermediate
J0511,SCADA,Beginner
J0511,Kubernetes,Advanced
J0511,SEO/SEM,Intermediate
J0511,C++,Advanced
J0512,Python,Beginner
J0512,C++,Intermediate
J0512,Digital Electronics,Advanced
J0512,Data Structures,Beginner
J0512,React,Beginner
J0513,Quantum Computing Basics,Intermediate
J0513,C++,Intermediate
J0513,FastAPI,Beginner
J0513,Docker,Advanced
J0514,C++,Intermediate
J0514,Electric Powertrain,Beginner
J0514,PLC Programming,Beginner
J0514,SAP EWM,Advanced
J0514,Inventory Management,Beginner
J0515,Power BI,Intermediate
J0515,Robotics Troubleshooting,Beginner
J0515,Docker,Intermediate
J0516,Kubernetes,Advanced
J0516,Git,Intermediate
J0516,FastAPI,Intermediate
J0516,Python,Beginner
J0516,SEO/SEM,Advanced
J0517,PLC Programming,Beginner
J0517,Quantum Computing Basics,Intermediate
J0517,Python,Intermediate
J0517,AWS,Advanced
J0517,Docker,Advanced
J0518,Predictive Maintenance,Beginner
J0518,Solar PV Design,Beginner
J0518,Node.js,Beginner
J0519,Digital Electronics,Beginner
J0519,Content Strategy,Intermediate
J0519,Robotics Troubleshooting,Intermediate
J0520,PLC Programming,Beginner
J0520,AWS,Beginner
J0520,Inventory Management,Beginner
J0521,Data Structures,Beginner
J0521,Quantum Computing Basics,Beginner
J0521,Battery Management Systems,Intermediate
J0521,Logistics Analytics,Intermediate
J0522,React,Beginner
J0522,AWS,Advanced
J0522,SCADA,Beginner
J0522,Microprocessors,Beginner
J0523,Robotics Troubleshooting,Advanced
J0523,Data Structures,Beginner
J0523,IoT Sensors,Advanced
J0523,React,Intermediate
J0523,AWS,Advanced
J0524,Node.js,Advanced
J0524,Git,Beginner
J0524,Solar PV Design,Beginner
J0524,SEO/SEM,Beginner
J0524,IoT Sensors,Advanced
J0525,Node.js,Beginner
J0525,PLC Programming,Beginner
J0525,C++,Beginner
J0525,AWS,Beginner
J0526,Kubernetes,Beginner
J0526,SCADA,Beginner
J0526,Robotics Troubleshooting,Intermediate
J0526,Battery Management Systems,Intermediate
J0527,Power BI,Advanced
J0527,Node.js,Beginner
J0527,Data Structures,Advanced
J0527,SQL,Intermediate
J0527,Inventory Management,Intermediate
J0528,React,Beginner
J0528,Inventory Management,Beginner
J0528,SCADA,Intermediate
J0529,Grid Integration,Beginner
J0529,Inventory Management,Intermediate
J0529,C++,Advanced
J0529,Microprocessors,Advanced
J0529,Electric Powertrain,Intermediate
J0530,Docker,Advanced
J0530,SAP EWM,Beginner
J0530,Inventory Management,Advanced
J0530,Git,Intermediate
J0530,Microprocessors,Intermediate
J0531,Python,Beginner
J0531,Data Structures,Intermediate
J0531,SCADA,Advanced
J0532,Python,Intermediate
J0532,Microprocessors,Intermediate
J0532,IoT Sensors,Advanced
J0533,SQL,Advanced
J0533,Logistics Analytics,Beginner
J0533,Robotics Troubleshooting,Advanced
J0533,Grid Integration,Beginner
J0533,Content Strategy,Advanced
J0534,Quantum Computing Basics,Advanced
J0534,Logistics Analytics,Advanced
J0534,Inventory Management,Beginner
J0534,SQL,Advanced
J0535,SEO/SEM,Intermediate
J0535,Machine Learning,Beginner
J0535,Power BI,Beginner
J0535,PLC Programming,Intermediate
J0535,Git,Advanced
J0536,Robotics Troubleshooting,Intermediate
J0536,SQL,Advanced
J0536,FastAPI,Advanced
J0536,Solar PV Design,Beginner
J0537,Docker,Beginner
J0537,Power BI,Advanced
J0537,Content Strategy,Advanced
J0537,React,Advanced
J0537,SEO/SEM,Advanced
J0538,Machine Learning,Intermediate
J0538,Docker,Beginner
J0538,Python,Beginner
J0538,SCADA,Intermediate
J0539,SCADA,Beginner
J0539,Solar PV Design,Beginner
J0539,Machine Learning,Advanced
J0540,Content Strategy,Intermediate
J0540,Inventory Management,Beginner
J0540,Python,Advanced
J0541,Docker,Intermediate
J0541,Robotics Troubleshooting,Intermediate
J0541,Logistics Analytics,Intermediate
J0541,Electric Powertrain,Advanced
J0542,Grid Integration,Advanced
J0542,React,Advanced
J0542,FastAPI,Intermediate
J0543,Solar PV Design,Advanced
J0543,Data Structures,Intermediate
J0543,Git,Beginner
J0543,AWS,Intermediate
J0543,PLC Programming,Intermediate
J0544,FastAPI,Intermediate
J0544,SEO/SEM,Advanced
J0544,Logistics Analytics,Intermediate
J0545,Solar PV Design,Advanced
J0545,Inventory Management,Advanced
J0545,Node.js,Beginner
J0545,PLC Programming,Intermediate
J0546,Python,Beginner
J0546,Logistics Analytics,Beginner
J0546,SEO/SEM,Intermediate
J0547,Machine Learning,Intermediate
J0547,Power BI,Advanced
J0547,Predictive Maintenance,Intermediate
J0548,React,Intermediate
J0548,Robotics Troubleshooting,Intermediate
J0548,SEO/SEM,Beginner
J0548,FastAPI,Advanced
J0549,Logistics Analytics,Intermediate
J0549,React,Beginner
J0549,Git,Advanced
J0549,IoT Sensors,Advanced
J0549,SAP EWM,Beginner
J0550,Power BI,Advanced
J0550,Digital Electronics,Intermediate
J0550,Inventory Management,Intermediate
J0551,Quantum Computing Basics,Advanced
J0551,Git,Beginner
J0551,Grid Integration,Advanced
J0551,React,Intermediate
J0552,AWS,Intermediate
J0552,FastAPI,Advanced
J0552,Robotics Troubleshooting,Beginner
J0553,Logistics Analytics,Beginner
J0553,Quantum Computing Basics,Intermediate
J0553,Docker,Intermediate
J0554,Machine Learning,Advanced
J0554,C++,Beginner
J0554,Data Structures,Advanced
J0554,Electric Powertrain,Beginner
J0554,Digital Electronics,Intermediate
J0555,Grid Integration,Beginner
J0555,SEO/SEM,Advanced
J0555,Inventory Management,Intermediate
J0556,Inventory Management,Beginner
J0556,Electric Powertrain,Advanced
J0556,Robotics Troubleshooting,Beginner
J0557,React,Advanced
J0557,SEO/SEM,Beginner
J0557,SQL,Advanced
J0558,SAP EWM,Beginner
J0558,Content Strategy,Intermediate
J0558,React,Advanced
J0558,Kubernetes,Advanced
J0558,Docker,Beginner
J0559,SEO/SEM,Intermediate
J0559,Kubernetes,Advanced
J0559,Docker,Beginner
J0559,Python,Intermediate
J0560,Robotics Troubleshooting,Advanced
J0560,SEO/SEM,Advanced
J0560,Node.js,Advanced
J0561,Digital Electronics,Advanced
J0561,AWS,Beginner
J0561,Content Strategy,Beginner
J0561,PLC Programming,Beginner
J0561,Machine Learning,Intermediate
J0562,Data Structures,Beginner
J0562,Node.js,Advanced
J0562,Battery Management Systems,Intermediate
J0563,Digital Electronics,Intermediate
J0563,Solar PV Design,Advanced
J0563,Data Structures,Intermediate
J0564,Battery Management Systems,Beginner
J0564,IoT Sensors,Intermediate
J0564,Robotics Troubleshooting,Intermediate
J0565,SEO/SEM,Beginner
J0565,Python,Advanced
J0565,SQL,Advanced
J0565,SCADA,Intermediate
J0565,Quantum Computing Basics,Beginner
J0566,PLC Programming,Intermediate
J0566,Microprocessors,Beginner
J0566,Data Structures,Beginner
J0566,Node.js,Advanced
J0566,Power BI,Advanced
J0567,Solar PV Design,Advanced
J0567,Robotics Troubleshooting,Beginner
J0567,Microprocessors,Advanced
J0567,SEO/SEM,Beginner
J0568,React,Advanced
J0568,Content Strategy,Advanced
J0568,Machine Learning,Advanced
J0568,Node.js,Intermediate
J0569,React,Advanced
J0569,Battery Management Systems,Beginner
J0569,Solar PV Design,Beginner
J0569,SQL,Intermediate
J0570,Electric Powertrain,Intermediate
J0570,Solar PV Design,Intermediate
J0570,Predictive Maintenance,Intermediate
J0571,Node.js,Intermediate
J0571,Docker,Beginner
J0571,AWS,Intermediate
J0571,Data Structures,Intermediate
J0572,C++,Beginner
J0572,Machine Learning,Advanced
J0572,Battery Management Systems,Intermediate
J0572,SQL,Intermediate
J0572,FastAPI,Intermediate
J0573,SEO/SEM,Advanced
J0573,PLC Programming,Beginner
J0573,Electric Powertrain,Intermediate
J0573,React,Intermediate
J0573,Digital Electronics,Intermediate
J0574,Data Structures,Intermediate
J0574,Predictive Maintenance,Advanced
J0574,Inventory Management,Intermediate
J0574,Microprocessors,Intermediate
J0574,AWS,Beginner
J0575,IoT Sensors,Beginner
J0575,Power BI,Advanced
J0575,Digital Electronics,Intermediate
J0575,SQL,Advanced
J0576,FastAPI,Beginner
J0576,Robotics Troubleshooting,Beginner
J0576,Quantum Computing Basics,Beginner
J0576,SCADA,Intermediate
J0576,Logistics Analytics,Beginner
J0577,Git,Advanced
J0577,Data Structures,Beginner
J0577,SQL,Advanced
J0577,Battery Management Systems,Beginner
J0577,C++,Advanced
J0578,Solar PV Design,Advanced
J0578,React,Beginner
J0578,Quantum Computing Basics,Intermediate
J0578,Power BI,Beginner
J0579,Node.js,Intermediate
J0579,Content Strategy,Beginner
J0579,Predictive Maintenance,Advanced
J0579,Solar PV Design,Beginner
J0580,Microprocessors,Advanced
J0580,Data Structures,Beginner
J0580,Python,Beginner
J0580,SAP EWM,Advanced
J0580,SQL,Advanced
J0581,Robotics Troubleshooting,Beginner
J0581,Git,Intermediate
J0581,FastAPI,Intermediate
J0581,Machine Learning,Beginner
J0581,Digital Electronics,Beginner
J0582,AWS,Advanced
J0582,Node.js,Beginner
J0582,Predictive Maintenance,Beginner
J0582,Kubernetes,Beginner
J0582,Robotics Troubleshooting,Advanced
J0583,AWS,Beginner
J0583,PLC Programming,Advanced
J0583,Docker,Beginner
J0584,C++,Intermediate
J0584,SEO/SEM,Advanced
J0584,Predictive Maintenance,Beginner
J0585,C++,Advanced
J0585,Robotics Troubleshooting,Beginner
J0585,Kubernetes,Intermediate
J0586,IoT Sensors,Intermediate
J0586,FastAPI,Intermediate
J0586,Predictive Maintenance,Intermediate
J0587,Git,Beginner
J0587,Kubernetes,Intermediate
J0587,Inventory Management,Beginner
J0587,Docker,Intermediate
J0587,Content Strategy,Advanced
J0588,React,Advanced
J0588,Git,Beginner
J0588,Microprocessors,Advanced
J0588,Machine Learning,Beginner
J0588,Docker,Beginner
J0589,FastAPI,Advanced
J0589,Microprocessors,Beginner
J0589,Battery Management Systems,Intermediate
J0590,Docker,Intermediate
J0590,SAP EWM,Beginner
J0590,PLC Programming,Advanced
J0590,Logistics Analytics,Advanced
J0591,Robotics Troubleshooting,Advanced
J0591,Predictive Maintenance,Intermediate
J0591,Power BI,Advanced
J0591,FastAPI,Advanced
J0592,SEO/SEM,Advanced
J0592,Node.js,Beginner
J0592,C++,Advanced
J0593,SEO/SEM,Beginner
J0593,React,Advanced
J0593,FastAPI,Intermediate
J0593,SQL,Beginner
J0594,Git,Intermediate
J0594,Microprocessors,Advanced
J0594,IoT Sensors,Advanced
J0594,SCADA,Advanced
J0594,PLC Programming,Advanced
J0595,Logistics Analytics,Intermediate
J0595,PLC Programming,Beginner
J0595,FastAPI,Beginner
J0596,Inventory Management,Intermediate
J0596,Kubernetes,Advanced
J0596,React,Advanced
J0597,PLC Programming,Intermediate
J0597,Data Structures,Intermediate
J0597,React,Advanced
J0597,Microprocessors,Beginner
J0598,AWS,Advanced
J0598,Kubernetes,Beginner
J0598,Battery Management Systems,Intermediate
J0598,Electric Powertrain,Intermediate
J0598,Grid Integration,Beginner
J0599,Electric Powertrain,Advanced
J0599,Data Structures,Advanced
J0599,Node.js,Intermediate
J0600,Logistics Analytics,Intermediate
J0600,Predictive Maintenance,Beginner
J0600,Digital Electronics,Beginner
J0600,Node.js,Beginner
J0600,Kubernetes,Intermediate
J0601,Battery Management Systems,Advanced
J0601,Machine Learning,Advanced
J0601,Python,Beginner
J0601,Electric Powertrain,Intermediate
J0602,FastAPI,Beginner
J0602,Quantum Computing Basics,Beginner
J0602,Digital Electronics,Advanced
J0602,C++,Beginner
J0602,PLC Programming,Intermediate
J0603,Machine Learning,Beginner
J0603,Inventory Management,Advanced
J0603,SAP EWM,Beginner
J0604,Node.js,Intermediate
J0604,Microprocessors,Advanced
J0604,Machine Learning,Beginner
J0605,React,Beginner
J0605,Docker,Advanced
J0605,Robotics Troubleshooting,Intermediate
J0606,Content Strategy,Advanced
J0606,AWS,Advanced
J0606,Predictive Maintenance,Beginner
J0606,Docker,Advanced
J0607,Kubernetes,Intermediate
J0607,Predictive Maintenance,Advanced
J0607,Battery Management Systems,Advanced
J0607,Git,Beginner
J0607,Python,Beginner
J0608,Docker,Intermediate
J0608,Inventory Management,Intermediate
J0608,Logistics Analytics,Beginner
J0609,Grid Integration,Advanced
J0609,Robotics Troubleshooting,Intermediate
J0609,SEO/SEM,Intermediate
J0610,Machine Learning,Intermediate
J0610,Electric Powertrain,Intermediate
J0610,Battery Management Systems,Advanced
J0610,Inventory Management,Beginner
J0610,Kubernetes,Advanced
J0611,Machine Learning,Advanced
J0611,FastAPI,Intermediate
J0611,SQL,Beginner
J0612,SCADA,Intermediate
J0612,SQL,Advanced
J0612,IoT Sensors,Beginner
J0612,Content Strategy,Beginner
J0612,SEO/SEM,Advanced
J0613,Git,Advanced
J0613,FastAPI,Intermediate
J0613,Quantum Computing Basics,Beginner
J0613,Predictive Maintenance,Intermediate
J0614,Battery Management Systems,Beginner
J0614,PLC Programming,Beginner
J0614,Git,Advanced
J0614,IoT Sensors,Beginner
J0615,Battery Management Systems,Beginner
J0615,PLC Programming,Intermediate
J0615,Quantum Computing Basics,Intermediate
J0616,Microprocessors,Intermediate
J0616,Logistics Analytics,Advanced
J0616,Solar PV Design,Beginner
J0617,Power BI,Advanced
J0617,React,Advanced
J0617,Docker,Intermediate
J0617,Kubernetes,Intermediate
J0617,Solar PV Design,Intermediate
J0618,Digital Electronics,Advanced
J0618,PLC Programming,Beginner
J0618,Logistics Analytics,Advanced
J0618,Robotics Troubleshooting,Beginner
J0618,Inventory Management,Beginner
J0619,Solar PV Design,Advanced
J0619,SAP EWM,Advanced
J0619,Kubernetes,Beginner
J0620,Solar PV Design,Intermediate
J0620,SQL,Beginner
J0620,AWS,Beginner
J0621,Power BI,Intermediate
J0621,React,Beginner
J0621,Microprocessors,Intermediate
J0622,Grid Integration,Advanced
J0622,Git,Intermediate
J0622,React,Intermediate
J0622,Power BI,Beginner
J0623,Git,Beginner
J0623,Solar PV Design,Intermediate
J0623,Grid Integration,Intermediate
J0623,SQL,Intermediate
J0624,Docker,Beginner
J0624,Digital Electronics,Intermediate
J0624,IoT Sensors,Intermediate
J0625,Quantum Computing Basics,Beginner
J0625,Kubernetes,Beginner
J0625,Battery Management Systems,Intermediate
J0625,Electric Powertrain,Intermediate
J0626,Battery Management Systems,Beginner
J0626,SAP EWM,Beginner
J0626,Predictive Maintenance,Beginner
J0627,Machine Learning,Beginner
J0627,C++,Intermediate
J0627,Logistics Analytics,Intermediate
J0627,SQL,Beginner
J0628,PLC Programming,Intermediate
J0628,Inventory Management,Advanced
J0628,AWS,Advanced
J0629,Digital Electronics,Beginner
J0629,SAP EWM,Intermediate
J0629,Kubernetes,Advanced
J0630,SQL,Advanced
J0630,Logistics Analytics,Advanced
J0630,AWS,Intermediate
J0630,Power BI,Advanced
J0630,SEO/SEM,Intermediate
J0631,Logistics Analytics,Intermediate
J0631,Content Strategy,Advanced
J0631,AWS,Advanced
J0631,SCADA,Advanced
J0631,SQL,Beginner
J0632,Predictive Maintenance,Intermediate
J0632,Grid Integration,Intermediate
J0632,Electric Powertrain,Advanced
J0632,Machine Learning,Beginner
J0632,Docker,Beginner
J0633,Logistics Analytics,Advanced
J0633,React,Advanced
J0633,Content Strategy,Intermediate
J0633,Robotics Troubleshooting,Intermediate
J0633,Node.js,Intermediate
J0634,Kubernetes,Advanced
J0634,Solar PV Design,Beginner
J0634,Data Structures,Intermediate
J0634,Robotics Troubleshooting,Intermediate
J0634,Electric Powertrain,Advanced
J0635,SAP EWM,Advanced
J0635,Grid Integration,Beginner
J0635,SQL,Beginner
J0635,FastAPI,Beginner
J0636,Digital Electronics,Advanced
J0636,Microprocessors,Advanced
J0636,Docker,Beginner
J0636,SCADA,Advanced
J0636,Git,Advanced
J0637,Grid Integration,Beginner
J0637,Electric Powertrain,Intermediate
J0637,Battery Management Systems,Beginner
J0637,Predictive Maintenance,Intermediate
J0638,FastAPI,Advanced
J0638,Predictive Maintenance,Advanced
J0638,PLC Programming,Intermediate
J0638,Quantum Computing Basics,Advanced
J0639,Machine Learning,Intermediate
J0639,Robotics Troubleshooting,Beginner
J0639,Data Structures,Beginner
J0639,SCADA,Advanced
J0639,C++,Beginner
J0640,Quantum Computing Basics,Advanced
J0640,Python,Beginner
J0640,Logistics Analytics,Intermediate
J0640,Grid Integration,Advanced
J0641,PLC Programming,Intermediate
J0641,SEO/SEM,Intermediate
J0641,Data Structures,Beginner
J0641,Machine Learning,Intermediate
J0641,Power BI,Beginner
J0642,Docker,Intermediate
J0642,Microprocessors,Beginner
J0642,Battery Management Systems,Beginner
J0642,Quantum Computing Basics,Beginner
J0643,AWS,Intermediate
J0643,Digital Electronics,Intermediate
J0643,Inventory Management,Beginner
J0643,PLC Programming,Beginner
J0644,Git,Intermediate
J0644,IoT Sensors,Intermediate
J0644,React,Beginner
J0644,FastAPI,Beginner
J0645,SAP EWM,Beginner
J0645,SCADA,Intermediate
J0645,Robotics Troubleshooting,Advanced
J0645,SEO/SEM,Intermediate
J0646,IoT Sensors,Beginner
J0646,Git,Beginner
J0646,SCADA,Beginner
J0646,Power BI,Advanced
J0647,Content Strategy,Advanced
J0647,SEO/SEM,Advanced
J0647,SCADA,Beginner
J0647,React,Beginner
J0648,Solar PV Design,Beginner
J0648,Python,Beginner
J0648,AWS,Intermediate
J0648,Docker,Advanced
J0648,Microprocessors,Intermediate
J0649,FastAPI,Beginner
J0649,Quantum Computing Basics,Advanced
J0649,Battery Management Systems,Beginner
J0650,SEO/SEM,Advanced
J0650,React,Advanced
J0650,Inventory Management,Advanced
J0650,Battery Management Systems,Beginner
J0650,Data Structures,Advanced
J0651,AWS,Advanced
J0651,React,Advanced
J0651,SQL,Beginner
J0651,Data Structures,Advanced
J0651,Quantum Computing Basics,Intermediate
J0652,Battery Management Systems,Intermediate
J0652,React,Intermediate
J0652,SAP EWM,Advanced
J0653,Digital Electronics,Advanced
J0653,AWS,Intermediate
J0653,Electric Powertrain,Intermediate
J0653,Battery Management Systems,Advanced
J0653,Microprocessors,Advanced
J0654,Machine Learning,Intermediate
J0654,Digital Electronics,Beginner
J0654,Node.js,Intermediate
J0655,Node.js,Intermediate
J0655,FastAPI,Intermediate
J0655,Git,Advanced
J0656,SAP EWM,Beginner
J0656,FastAPI,Intermediate
J0656,Digital Electronics,Intermediate
J0656,IoT Sensors,Advanced
J0656,Grid Integration,Advanced
J0657,Docker,Beginner
J0657,AWS,Beginner
J0657,Microprocessors,Beginner
J0657,Git,Advanced
J0657,Electric Powertrain,Intermediate
J0658,Logistics Analytics,Advanced
J0658,Grid Integration,Advanced
J0658,Battery Management Systems,Advanced
J0658,Data Structures,Intermediate
J0658,Git,Advanced
J0659,Docker,Intermediate
J0659,Data Structures,Intermediate
J0659,SAP EWM,Intermediate
J0660,Docker,Beginner
J0660,Inventory Management,Advanced
J0660,Node.js,Advanced
J0660,Grid Integration,Intermediate
J0661,Predictive Maintenance,Advanced
J0661,Battery Management Systems,Intermediate
J0661,Python,Intermediate
J0661,Grid Integration,Beginner
J0661,PLC Programming,Beginner
J0662,React,Advanced
J0662,Grid Integration,Intermediate
J0662,Logistics Analytics,Advanced
J0662,Inventory Management,Intermediate
J0662,Power BI,Advanced
J0663,React,Intermediate
J0663,FastAPI,Beginner
J0663,Power BI,Beginner
J0664,Git,Intermediate
J0664,Electric Powertrain,Intermediate
J0664,FastAPI,Beginner
J0664,Python,Intermediate
J0665,Grid Integration,Intermediate
J0665,Power BI,Beginner
J0665,SAP EWM,Intermediate
J0665,Docker,Intermediate
J0666,Power BI,Advanced
J0666,Digital Electronics,Advanced
J0666,FastAPI,Advanced
J0666,SEO/SEM,Intermediate
J0666,Solar PV Design,Beginner
J0667,PLC Programming,Beginner
J0667,Git,Beginner
J0667,Grid Integration,Intermediate
J0667,Predictive Maintenance,Advanced
J0668,Robotics Troubleshooting,Intermediate
J0668,Predictive Maintenance,Intermediate
J0668,Data Structures,Advanced
J0668,Git,Beginner
J0668,Node.js,Advanced
J0669,Node.js,Intermediate
J0669,Data Structures,Advanced
J0669,React,Beginner
J0669,Battery Management Systems,Intermediate
J0669,Robotics Troubleshooting,Intermediate
J0670,SEO/SEM,Beginner
J0670,Microprocessors,Intermediate
J0670,Machine Learning,Intermediate
J0670,Robotics Troubleshooting,Beginner
J0670,Kubernetes,Advanced
J0671,Logistics Analytics,Intermediate
J0671,IoT Sensors,Beginner
J0671,Grid Integration,Advanced
J0671,Git,Advanced
J0671,Quantum Computing Basics,Beginner
J0672,SQL,Advanced
J0672,SAP EWM,Advanced
J0672,Data Structures,Beginner
J0672,Grid Integration,Advanced
J0672,React,Advanced
J0673,SAP EWM,Advanced
J0673,Python,Advanced
J0673,Predictive Maintenance,Intermediate
J0673,Kubernetes,Beginner
J0674,FastAPI,Advanced
J0674,SQL,Intermediate
J0674,Machine Learning,Beginner
J0674,Node.js,Advanced
J0674,Data Structures,Intermediate
J0675,SAP EWM,Beginner
J0675,Kubernetes,Advanced
J0675,AWS,Advanced
J0675,Electric Powertrain,Beginner
J0676,Content Strategy,Advanced
J0676,PLC Programming,Advanced
J0676,Kubernetes,Beginner
J0677,Content Strategy,Intermediate
J0677,Battery Management Systems,Intermediate
J0677,Quantum Computing Basics,Advanced
J0677,SCADA,Beginner
J0678,Machine Learning,Beginner
J0678,Grid Integration,Advanced
J0678,C++,Beginner
J0679,Microprocessors,Beginner
J0679,SEO/SEM,Intermediate
J0679,Kubernetes,Advanced
J0679,Digital Electronics,Intermediate
J0679,AWS,Beginner
J0680,Electric Powertrain,Beginner
J0680,Git,Intermediate
J0680,Solar PV Design,Intermediate
J0680,SCADA,Advanced
J0680,Python,Intermediate
J0681,Docker,Intermediate
J0681,Content Strategy,Advanced
J0681,Predictive Maintenance,Beginner
J0681,Digital Electronics,Advanced
J0681,Solar PV Design,Intermediate
J0682,Content Strategy,Intermediate
J0682,Logistics Analytics,Advanced
J0682,C++,Advanced
J0683,SEO/SEM,Intermediate
J0683,Quantum Computing Basics,Beginner
J0683,Digital Electronics,Advanced
J0683,Machine Learning,Intermediate
J0684,PLC Programming,Beginner
J0684,Git,Intermediate
J0684,Microprocessors,Intermediate
J0685,Robotics Troubleshooting,Beginner
J0685,Data Structures,Beginner
J0685,SEO/SEM,Intermediate
J0685,SQL,Intermediate
J0686,Electric Powertrain,Intermediate
J0686,FastAPI,Advanced
J0686,SEO/SEM,Beginner
J0686,Robotics Troubleshooting,Intermediate
J0686,Kubernetes,Beginner
J0687,Logistics Analytics,Intermediate
J0687,Inventory Management,Advanced
J0687,Robotics Troubleshooting,Intermediate
J0687,Battery Management Systems,Advanced
J0688,Microprocessors,Intermediate
J0688,Grid Integration,Intermediate
J0688,Content Strategy,Intermediate
J0688,Robotics Troubleshooting,Beginner
J0688,Machine Learning,Beginner
J0689,SAP EWM,Advanced
J0689,Microprocessors,Beginner
J0689,Electric Powertrain,Beginner
J0689,Grid Integration,Advanced
J0689,Python,Advanced
J0690,SAP EWM,Advanced
J0690,Python,Advanced
J0690,FastAPI,Beginner
J0690,Logistics Analytics,Beginner
J0690,Solar PV Design,Beginner
J0691,Battery Management Systems,Advanced
J0691,Quantum Computing Basics,Intermediate
J0691,C++,Beginner
J0691,Predictive Maintenance,Beginner
J0692,SAP EWM,Advanced
J0692,PLC Programming,Advanced
J0692,Solar PV Design,Intermediate
J0692,Git,Intermediate
J0692,IoT Sensors,Intermediate
J0693,React,Beginner
J0693,FastAPI,Intermediate
J0693,SEO/SEM,Beginner
J0693,Logistics Analytics,Intermediate
J0693,Machine Learning,Intermediate
J0694,FastAPI,Advanced
J0694,Electric Powertrain,Beginner
J0694,SQL,Beginner
J0694,Inventory Management,Intermediate
J0695,SEO/SEM,Intermediate
J0695,Electric Powertrain,Intermediate
J0695,Inventory Management,Advanced
J0695,SCADA,Intermediate
J0696,Electric Powertrain,Advanced
J0696,Node.js,Beginner
J0696,PLC Programming,Beginner
J0696,Predictive Maintenance,Advanced
J0696,Python,Intermediate
J0697,AWS,Beginner
J0697,SAP EWM,Advanced
J0697,Inventory Management,Beginner
J0698,FastAPI,Beginner
J0698,AWS,Advanced
J0698,Node.js,Advanced
J0698,Robotics Troubleshooting,Advanced
J0698,React,Advanced
J0699,Logistics Analytics,Intermediate
J0699,React,Advanced
J0699,Quantum Computing Basics,Beginner
J0699,Robotics Troubleshooting,Intermediate
J0699,Content Strategy,Beginner
J0700,SCADA,Beginner
J0700,SEO/SEM,Intermediate
J0700,Kubernetes,Advanced
J0700,Battery Management Systems,Advanced
J0700,Grid Integration,Beginner
J0701,Logistics Analytics,Advanced
J0701,Battery Management Systems,Beginner
J0701,Git,Intermediate
J0701,Digital Electronics,Beginner
J0702,Git,Beginner
J0702,Robotics Troubleshooting,Intermediate
J0702,Kubernetes,Beginner
J0702,FastAPI,Advanced
J0702,Docker,Intermediate
J0703,Git,Advanced
J0703,AWS,Beginner
J0703,Machine Learning,Beginner
J0704,Inventory Management,Beginner
J0704,Electric Powertrain,Advanced
J0704,Content Strategy,Beginner
J0704,Solar PV Design,Beginner
J0705,Digital Electronics,Intermediate
J0705,Machine Learning,Advanced
J0705,C++,Advanced
J0706,Node.js,Advanced
J0706,IoT Sensors,Beginner
J0706,Power BI,Advanced
J0706,AWS,Intermediate
J0707,Microprocessors,Intermediate
J0707,Node.js,Beginner
J0707,C++,Advanced
J0707,Logistics Analytics,Advanced
J0708,Inventory Management,Beginner
J0708,Grid Integration,Advanced
J0708,SQL,Beginner
J0709,Microprocessors,Advanced
J0709,Digital Electronics,Beginner
J0709,Git,Beginner
J0709,Power BI,Beginner
J0709,Predictive Maintenance,Advanced
J0710,Kubernetes,Beginner
J0710,Machine Learning,Advanced
J0710,SQL,Advanced
J0710,SAP EWM,Advanced
J0710,Logistics Analytics,Advanced
J0711,React,Beginner
J0711,Microprocessors,Advanced
J0711,PLC Programming,Intermediate
J0712,SQL,Advanced
J0712,Git,Beginner
J0712,Electric Powertrain,Intermediate
J0713,Content Strategy,Advanced
J0713,Predictive Maintenance,Beginner
J0713,SCADA,Advanced
J0713,Grid Integration,Intermediate
J0714,AWS,Beginner
J0714,Git,Beginner
J0714,Electric Powertrain,Intermediate
J0714,SCADA,Intermediate
J0715,Grid Integration,Advanced
J0715,Kubernetes,Advanced
J0715,SAP EWM,Intermediate
J0715,Digital Electronics,Beginner
J0715,Content Strategy,Advanced
J0716,SQL,Intermediate
J0716,IoT Sensors,Beginner
J0716,SCADA,Advanced
J0716,Node.js,Advanced
J0716,SAP EWM,Beginner
J0717,Robotics Troubleshooting,Intermediate
J0717,Digital Electronics,Intermediate
J0717,Power BI,Beginner
J0717,Predictive Maintenance,Intermediate
J0718,Quantum Computing Basics,Intermediate
J0718,Data Structures,Intermediate
J0718,React,Advanced
J0718,Electric Powertrain,Beginner
J0718,Logistics Analytics,Beginner
J0719,Logistics Analytics,Beginner
J0719,Power BI,Intermediate
J0719,Data Structures,Advanced
J0720,Electric Powertrain,Advanced
J0720,IoT Sensors,Advanced
J0720,Kubernetes,Advanced
J0720,Node.js,Beginner
J0721,React,Advanced
J0721,C++,Advanced
J0721,SAP EWM,Intermediate
J0721,Logistics Analytics,Beginner
J0721,Microprocessors,Advanced
J0722,SAP EWM,Intermediate
J0722,Grid Integration,Intermediate
J0722,Robotics Troubleshooting,Advanced
J0723,Power BI,Advanced
J0723,Predictive Maintenance,Intermediate
J0723,C++,Beginner
J0724,Grid Integration,Beginner
J0724,Battery Management Systems,Intermediate
J0724,Inventory Management,Beginner
J0724,Digital Electronics,Intermediate
J0725,IoT Sensors,Intermediate
J0725,Robotics Troubleshooting,Advanced
J0725,Python,Intermediate
J0725,SEO/SEM,Intermediate
J0726,Battery Management Systems,Beginner
J0726,Robotics Troubleshooting,Beginner
J0726,Grid Integration,Intermediate
J0726,Node.js,Beginner
J0727,Solar PV Design,Advanced
J0727,Logistics Analytics,Intermediate
J0727,FastAPI,Advanced
J0728,Electric Powertrain,Intermediate
J0728,Logistics Analytics,Advanced
J0728,Quantum Computing Basics,Intermediate
J0728,SEO/SEM,Beginner
J0728,Grid Integration,Intermediate
J0729,Power BI,Beginner
J0729,Docker,Beginner
J0729,C++,Advanced
J0729,Content Strategy,Intermediate
J0729,Kubernetes,Advanced
J0730,Grid Integration,Intermediate
J0730,Node.js,Beginner
J0730,Solar PV Design,Beginner
J0730,SAP EWM,Intermediate
J0731,Predictive Maintenance,Beginner
J0731,Electric Powertrain,Intermediate
J0731,Solar PV Design,Beginner
J0732,Node.js,Beginner
J0732,SQL,Beginner
J0732,Power BI,Advanced
J0733,SCADA,Beginner
J0733,Power BI,Beginner
J0733,Digital Electronics,Advanced
J0733,FastAPI,Beginner
J0733,Python,Advanced
J0734,Python,Advanced
J0734,Logistics Analytics,Beginner
J0734,Predictive Maintenance,Intermediate
J0735,Git,Beginner
J0735,Inventory Management,Intermediate
J0735,Quantum Computing Basics,Beginner
J0735,Microprocessors,Intermediate
J0735,Grid Integration,Intermediate
J0736,SCADA,Advanced
J0736,Logistics Analytics,Beginner
J0736,Docker,Advanced
J0737,Kubernetes,Advanced
J0737,Data Structures,Beginner
J0737,Microprocessors,Beginner
J0737,Solar PV Design,Beginner
J0738,Predictive Maintenance,Intermediate
J0738,React,Beginner
J0738,SQL,Advanced
J0738,PLC Programming,Advanced
J0739,PLC Programming,Intermediate
J0739,IoT Sensors,Advanced
J0739,Microprocessors,Intermediate
J0739,Content Strategy,Beginner
J0739,SEO/SEM,Advanced
J0740,Logistics Analytics,Advanced
J0740,Power BI,Advanced
J0740,IoT Sensors,Beginner
J0740,Node.js,Beginner
J0741,IoT Sensors,Beginner
J0741,Quantum Computing Basics,Intermediate
J0741,Grid Integration,Beginner
J0741,SCADA,Advanced
J0742,SQL,Beginner
J0742,Logistics Analytics,Advanced
J0742,Power BI,Beginner
J0743,Microprocessors,Advanced
J0743,Robotics Troubleshooting,Intermediate
J0743,Power BI,Intermediate
J0744,SCADA,Beginner
J0744,Docker,Intermediate
J0744,Microprocessors,Beginner
J0744,Inventory Management,Advanced
J0744,SQL,Advanced
J0745,Power BI,Beginner
J0745,React,Advanced
J0745,Quantum Computing Basics,Advanced
J0745,SAP EWM,Intermediate
J0745,FastAPI,Intermediate
J0746,Grid Integration,Intermediate
J0746,Digital Electronics,Beginner
J0746,React,Intermediate
J0747,SQL,Intermediate
J0747,Robotics Troubleshooting,Intermediate
J0747,Logistics Analytics,Advanced
J0748,Microprocessors,Beginner
J0748,C++,Beginner
J0748,PLC Programming,Intermediate
J0748,Kubernetes,Advanced
J0749,SQL,Intermediate
J0749,Microprocessors,Intermediate
J0749,Robotics Troubleshooting,Beginner
J0750,Docker,Beginner
J0750,IoT Sensors,Intermediate
J0750,SEO/SEM,Beginner
J0750,SAP EWM,Beginner
J0751,Logistics Analytics,Beginner
J0751,React,Advanced
J0751,Inventory Management,Intermediate
J0751,Git,Intermediate
J0751,Robotics Troubleshooting,Intermediate
J0752,SCADA,Beginner
J0752,Battery Management Systems,Advanced
J0752,Inventory Management,Beginner
J0752,Predictive Maintenance,Advanced
J0752,React,Beginner
J0753,Microprocessors,Intermediate
J0753,Kubernetes,Advanced
J0753,Battery Management Systems,Intermediate
J0754,C++,Intermediate
J0754,Inventory Management,Intermediate
J0754,Quantum Computing Basics,Beginner
J0754,Machine Learning,Beginner
J0755,Quantum Computing Basics,Intermediate
J0755,SCADA,Intermediate
J0755,Logistics Analytics,Intermediate
J0755,Docker,Beginner
J0756,Docker,Advanced
J0756,Power BI,Intermediate
J0756,Electric Powertrain,Beginner
J0757,Docker,Intermediate
J0757,Predictive Maintenance,Advanced
J0757,SQL,Beginner
J0758,SAP EWM,Intermediate
J0758,Inventory Management,Intermediate
J0758,Git,Beginner
J0759,Node.js,Intermediate
J0759,Python,Advanced
J0759,Predictive Maintenance,Intermediate
J0760,FastAPI,Advanced
J0760,Digital Electronics,Advanced
J0760,AWS,Intermediate
J0761,SAP EWM,Intermediate
J0761,Logistics Analytics,Beginner
J0761,Electric Powertrain,Advanced
J0761,Docker,Advanced
J0761,React,Beginner
J0762,Solar PV Design,Intermediate
J0762,SAP EWM,Intermediate
J0762,React,Intermediate
J0762,AWS,Beginner
J0762,Node.js,Intermediate
J0763,Python,Beginner
J0763,IoT Sensors,Intermediate
J0763,Battery Management Systems,Advanced
J0763,Electric Powertrain,Intermediate
J0764,Quantum Computing Basics,Advanced
J0764,Node.js,Beginner
J0764,Machine Learning,Intermediate
J0764,React,Beginner
J0765,Digital Electronics,Intermediate
J0765,React,Beginner
J0765,Robotics Troubleshooting,Advanced
J0765,Data Structures,Beginner
J0766,Robotics Troubleshooting,Intermediate
J0766,Machine Learning,Advanced
J0766,Inventory Management,Intermediate
J0767,Robotics Troubleshooting,Advanced
J0767,Inventory Management,Intermediate
J0767,Docker,Advanced
J0768,SQL,Intermediate
J0768,Electric Powertrain,Beginner
J0768,Solar PV Design,Intermediate
J0768,Kubernetes,Intermediate
J0769,Digital Electronics,Intermediate
J0769,Solar PV Design,Intermediate
J0769,AWS,Intermediate
J0769,Node.js,Beginner
J0770,Solar PV Design,Advanced
J0770,C++,Beginner
J0770,Kubernetes,Advanced
J0770,Python,Beginner
J0770,SAP EWM,Beginner
J0771,Robotics Troubleshooting,Intermediate
J0771,Power BI,Intermediate
J0771,Grid Integration,Advanced
J0771,Node.js,Intermediate
J0772,Docker,Intermediate
J0772,Grid Integration,Beginner
J0772,Inventory Management,Beginner
J0772,Digital Electronics,Intermediate
J0772,Node.js,Beginner
J0773,Kubernetes,Intermediate
J0773,Power BI,Beginner
J0773,Robotics Troubleshooting,Intermediate
J0774,Power BI,Beginner
J0774,Content Strategy,Beginner
J0774,Machine Learning,Beginner
J0775,Node.js,Advanced
J0775,IoT Sensors,Beginner
J0775,Git,Intermediate
J0775,PLC Programming,Intermediate
J0775,Digital Electronics,Advanced
J0776,Power BI,Beginner
J0776,Content Strategy,Intermediate
J0776,Inventory Management,Advanced
J0776,SEO/SEM,Intermediate
J0776,C++,Advanced
J0777,IoT Sensors,Intermediate
J0777,SCADA,Intermediate
J0777,PLC Programming,Intermediate
J0778,Machine Learning,Intermediate
J0778,Node.js,Intermediate
J0778,Kubernetes,Beginner
J0778,Solar PV Design,Advanced
J0779,Node.js,Advanced
J0779,FastAPI,Intermediate
J0779,Inventory Management,Advanced
J0780,Digital Electronics,Intermediate
J0780,AWS,Advanced
J0780,Data Structures,Advanced
J0781,SCADA,Intermediate
J0781,Data Structures,Intermediate
J0781,SAP EWM,Advanced
J0781,Docker,Beginner
J0781,Python,Intermediate
J0782,Kubernetes,Advanced
J0782,Git,Beginner
J0782,AWS,Advanced
J0782,Digital Electronics,Beginner
J0782,SAP EWM,Intermediate
J0783,Digital Electronics,Advanced
J0783,Machine Learning,Beginner
J0783,SAP EWM,Advanced
J0783,SQL,Intermediate
J0784,Battery Management Systems,Intermediate
J0784,React,Intermediate
J0784,AWS,Intermediate
J0784,SQL,Beginner
J0785,Predictive Maintenance,Intermediate
J0785,Node.js,Beginner
J0785,SEO/SEM,Beginner
J0786,Electric Powertrain,Advanced
J0786,Predictive Maintenance,Advanced
J0786,Data Structures,Beginner
J0786,Logistics Analytics,Intermediate
J0786,Robotics Troubleshooting,Beginner
J0787,Data Structures,Intermediate
J0787,IoT Sensors,Beginner
J0787,SAP EWM,Beginner
J0787,Git,Beginner
J0788,Node.js,Advanced
J0788,Kubernetes,Advanced
J0788,React,Intermediate
J0788,Docker,Beginner
J0788,Data Structures,Advanced
J0789,Electric Powertrain,Intermediate
J0789,IoT Sensors,Intermediate
J0789,Microprocessors,Advanced
J0789,SAP EWM,Beginner
J0789,SCADA,Beginner
J0790,Kubernetes,Advanced
J0790,Data Structures,Intermediate
J0790,Robotics Troubleshooting,Beginner
J0790,Logistics Analytics,Beginner
J0791,AWS,Beginner
J0791,React,Advanced
J0791,Electric Powertrain,Beginner
J0791,Git,Intermediate
J0791,Kubernetes,Advanced
J0792,Power BI,Beginner
J0792,C++,Beginner
J0792,SAP EWM,Beginner
J0792,Inventory Management,Intermediate
J0793,Robotics Troubleshooting,Beginner
J0793,Electric Powertrain,Intermediate
J0793,React,Beginner
J0793,Python,Advanced
J0794,Electric Powertrain,Advanced
J0794,C++,Advanced
J0794,SCADA,Advanced
J0794,Python,Advanced
J0794,SEO/SEM,Advanced
J0795,Electric Powertrain,Intermediate
J0795,Docker,Advanced
J0795,React,Intermediate
J0795,Python,Advanced
J0796,Microprocessors,Beginner
J0796,Python,Advanced
J0796,Grid Integration,Intermediate
J0796,Logistics Analytics,Advanced
J0797,Solar PV Design,Intermediate
J0797,Kubernetes,Intermediate
J0797,Inventory Management,Intermediate
J0797,Machine Learning,Intermediate
J0798,SQL,Advanced
J0798,Kubernetes,Intermediate
J0798,React,Advanced
J0798,Microprocessors,Beginner
J0798,Predictive Maintenance,Advanced
J0799,Electric Powertrain,Advanced
J0799,Digital Electronics,Intermediate
J0799,Battery Management Systems,Intermediate
J0799,Solar PV Design,Intermediate
J0800,Content Strategy,Advanced
J0800,Electric Powertrain,Beginner
J0800,PLC Programming,Beginner
J0800,Microprocessors,Advanced
J0801,C++,Intermediate
J0801,Power BI,Intermediate
J0801,Robotics Troubleshooting,Intermediate
J0802,Logistics Analytics,Beginner
J0802,Inventory Management,Advanced
J0802,Git,Intermediate
J0803,Kubernetes,Beginner
J0803,Machine Learning,Advanced
J0803,Power BI,Intermediate
J0804,Power BI,Intermediate
J0804,Grid Integration,Advanced
J0804,Battery Management Systems,Beginner
J0804,PLC Programming,Beginner
J0805,Solar PV Design,Advanced
J0805,React,Intermediate
J0805,Content Strategy,Advanced
J0805,Data Structures,Beginner
J0805,SEO/SEM,Beginner
J0806,AWS,Intermediate
J0806,SCADA,Beginner
J0806,Machine Learning,Beginner
J0806,Inventory Management,Beginner
J0806,Microprocessors,Advanced
J0807,Predictive Maintenance,Advanced
J0807,SCADA,Intermediate
J0807,Machine Learning,Beginner
J0807,Battery Management Systems,Advanced
J0808,Machine Learning,Beginner
J0808,Digital Electronics,Advanced
J0808,SCADA,Beginner
J0808,C++,Intermediate
J0809,C++,Advanced
J0809,Python,Advanced
J0809,Inventory Management,Intermediate
J0809,Machine Learning,Intermediate
J0809,IoT Sensors,Intermediate
J0810,Digital Electronics,Intermediate
J0810,Kubernetes,Intermediate
J0810,Docker,Intermediate
J0810,SEO/SEM,Beginner
J0810,C++,Intermediate
J0811,Power BI,Advanced
J0811,Robotics Troubleshooting,Beginner
J0811,Digital Electronics,Beginner
J0811,Data Structures,Intermediate
J0812,Docker,Advanced
J0812,PLC Programming,Advanced
J0812,React,Advanced
J0812,Predictive Maintenance,Advanced
J0812,FastAPI,Advanced
J0813,C++,Beginner
J0813,SEO/SEM,Advanced
J0813,Logistics Analytics,Beginner
J0814,Python,Beginner
J0814,Battery Management Systems,Intermediate
J0814,Solar PV Design,Beginner
J0814,Predictive Maintenance,Intermediate
J0814,Content Strategy,Intermediate
J0815,AWS,Beginner
J0815,Node.js,Advanced
J0815,Content Strategy,Intermediate
J0815,SEO/SEM,Beginner
J0816,SCADA,Beginner
J0816,SEO/SEM,Beginner
J0816,Battery Management Systems,Intermediate
J0816,Solar PV Design,Intermediate
J0817,Node.js,Intermediate
J0817,Electric Powertrain,Beginner
J0817,Grid Integration,Advanced
J0817,C++,Intermediate
J0818,Data Structures,Beginner
J0818,React,Beginner
J0818,SAP EWM,Advanced
J0818,Microprocessors,Advanced
J0818,SCADA,Advanced
J0819,Node.js,Advanced
J0819,Digital Electronics,Advanced
J0819,SEO/SEM,Intermediate
J0820,Power BI,Intermediate
J0820,Microprocessors,Advanced
J0820,Digital Electronics,Advanced
J0820,AWS,Intermediate
J0821,React,Beginner
J0821,Predictive Maintenance,Advanced
J0821,Git,Intermediate
J0821,IoT Sensors,Intermediate
J0822,Power BI,Advanced
J0822,IoT Sensors,Advanced
J0822,Docker,Intermediate
J0822,Robotics Troubleshooting,Intermediate
J0823,Predictive Maintenance,Advanced
J0823,React,Advanced
J0823,Logistics Analytics,Intermediate
J0823,Quantum Computing Basics,Beginner
J0824,SQL,Intermediate
J0824,Robotics Troubleshooting,Intermediate
J0824,SCADA,Intermediate
J0825,SQL,Advanced
J0825,Power BI,Advanced
J0825,C++,Intermediate
J0825,Kubernetes,Advanced
J0826,Docker,Advanced
J0826,Node.js,Intermediate
J0826,Power BI,Beginner
J0826,Microprocessors,Advanced
J0826,IoT Sensors,Beginner
J0827,Logistics Analytics,Intermediate
J0827,Microprocessors,Intermediate
J0827,FastAPI,Intermediate
J0827,Content Strategy,Intermediate
J0827,Node.js,Advanced
J0828,Python,Beginner
J0828,Data Structures,Advanced
J0828,Battery Management Systems,Intermediate
J0828,Logistics Analytics,Advanced
J0828,Grid Integration,Intermediate
J0829,Inventory Management,Advanced
J0829,SEO/SEM,Beginner
J0829,Power BI,Advanced
J0830,Python,Advanced
J0830,Data Structures,Advanced
J0830,SQL,Intermediate
J0830,Microprocessors,Intermediate
J0830,Quantum Computing Basics,Advanced
J0831,Grid Integration,Intermediate
J0831,SCADA,Intermediate
J0831,IoT Sensors,Advanced
J0831,C++,Beginner
J0831,Git,Advanced
J0832,Predictive Maintenance,Beginner
J0832,Solar PV Design,Beginner
J0832,Power BI,Beginner
J0833,Node.js,Intermediate
J0833,Machine Learning,Advanced
J0833,Solar PV Design,Beginner
J0834,Git,Advanced
J0834,Quantum Computing Basics,Advanced
J0834,FastAPI,Beginner
J0835,Data Structures,Intermediate
J0835,Node.js,Beginner
J0835,SAP EWM,Advanced
J0835,SCADA,Advanced
J0836,Logistics Analytics,Advanced
J0836,Predictive Maintenance,Beginner
J0836,Kubernetes,Advanced
J0836,Power BI,Advanced
J0837,AWS,Beginner
J0837,Inventory Management,Advanced
J0837,Robotics Troubleshooting,Intermediate
J0837,Battery Management Systems,Beginner
J0838,Digital Electronics,Beginner
J0838,FastAPI,Beginner
J0838,Microprocessors,Advanced
J0838,Robotics Troubleshooting,Beginner
J0839,Data Structures,Beginner
J0839,Quantum Computing Basics,Beginner
J0839,Git,Beginner
J0839,Digital Electronics,Advanced
J0839,Solar PV Design,Beginner
J0840,C++,Beginner
J0840,SQL,Advanced
J0840,Grid Integration,Intermediate
J0840,SCADA,Beginner
J0841,Machine Learning,Intermediate
J0841,PLC Programming,Intermediate
J0841,Predictive Maintenance,Beginner
J0842,Battery Management Systems,Intermediate
J0842,Kubernetes,Beginner
J0842,Power BI,Advanced
J0842,Digital Electronics,Intermediate
J0843,Power BI,Intermediate
J0843,C++,Beginner
J0843,Solar PV Design,Beginner
J0843,AWS,Advanced
J0843,Machine Learning,Beginner
J0844,SEO/SEM,Beginner
J0844,IoT Sensors,Advanced
J0844,Power BI,Intermediate
J0844,C++,Beginner
J0845,FastAPI,Beginner
J0845,Python,Intermediate
J0845,Machine Learning,Intermediate
J0845,Quantum Computing Basics,Intermediate
J0846,C++,Advanced
J0846,Battery Management Systems,Advanced
J0846,React,Intermediate
J0847,Digital Electronics,Intermediate
J0847,Logistics Analytics,Advanced
J0847,SQL,Advanced
J0847,SAP EWM,Advanced
J0847,Solar PV Design,Beginner
J0848,Docker,Beginner
J0848,Digital Electronics,Advanced
J0848,FastAPI,Advanced
J0848,Content Strategy,Advanced
J0849,SQL,Intermediate
J0849,SAP EWM,Advanced
J0849,Git,Intermediate
J0850,Python,Advanced
J0850,Data Structures,Beginner
J0850,Power BI,Intermediate
J0851,PLC Programming,Advanced
J0851,Solar PV Design,Beginner
J0851,React,Intermediate
J0851,Node.js,Intermediate
J0851,Microprocessors,Beginner
J0852,Git,Advanced
J0852,Node.js,Beginner
J0852,SAP EWM,Advanced
J0853,Kubernetes,Intermediate
J0853,SQL,Beginner
J0853,Solar PV Design,Advanced
J0854,Data Structures,Advanced
J0854,Grid Integration,Advanced
J0854,Solar PV Design,Advanced
J0854,Python,Advanced
J0855,Electric Powertrain,Beginner
J0855,Logistics Analytics,Advanced
J0855,Quantum Computing Basics,Intermediate
J0855,IoT Sensors,Intermediate
J0856,Grid Integration,Intermediate
J0856,React,Advanced
J0856,Digital Electronics,Intermediate
J0857,Git,Advanced
J0857,AWS,Intermediate
J0857,Inventory Management,Intermediate
J0858,Machine Learning,Advanced
J0858,AWS,Advanced
J0858,Content Strategy,Beginner
J0858,Solar PV Design,Beginner
J0858,Grid Integration,Beginner
J0859,Quantum Computing Basics,Beginner
J0859,Microprocessors,Intermediate
J0859,Docker,Beginner
J0860,Solar PV Design,Beginner
J0860,AWS,Intermediate
J0860,SQL,Advanced
J0860,Microprocessors,Beginner
J0861,Power BI,Advanced
J0861,Content Strategy,Intermediate
J0861,Machine Learning,Beginner
J0861,Predictive Maintenance,Intermediate
J0862,IoT Sensors,Intermediate
J0862,Grid Integration,Advanced
J0862,Robotics Troubleshooting,Advanced
J0863,Grid Integration,Beginner
J0863,Digital Electronics,Beginner
J0863,SEO/SEM,Beginner
J0863,Node.js,Beginner
J0864,Docker,Beginner
J0864,Content Strategy,Beginner
J0864,SQL,Beginner
J0865,Node.js,Advanced
J0865,Inventory Management,Intermediate
J0865,Data Structures,Beginner
J0866,Solar PV Design,Beginner
J0866,Battery Management Systems,Beginner
J0866,Logistics Analytics,Advanced
J0866,FastAPI,Intermediate
J0866,Kubernetes,Intermediate
J0867,Robotics Troubleshooting,Beginner
J0867,Grid Integration,Beginner
J0867,Data Structures,Beginner
J0867,Electric Powertrain,Beginner
J0868,Robotics Troubleshooting,Beginner
J0868,Grid Integration,Beginner
J0868,Git,Intermediate
J0868,Data Structures,Beginner
J0869,Node.js,Intermediate
J0869,Grid Integration,Intermediate
J0869,React,Beginner
J0869,Data Structures,Intermediate
J0869,Inventory Management,Intermediate
J0870,PLC Programming,Beginner
J0870,Machine Learning,Intermediate
J0870,AWS,Advanced
J0871,IoT Sensors,Advanced
J0871,Content Strategy,Intermediate
J0871,Inventory Management,Intermediate
J0872,Content Strategy,Intermediate
J0872,Git,Advanced
J0872,Robotics Troubleshooting,Advanced
J0873,Inventory Management,Beginner
J0873,Docker,Advanced
J0873,Digital Electronics,Beginner
J0873,SCADA,Intermediate
J0874,SCADA,Advanced
J0874,Kubernetes,Advanced
J0874,AWS,Intermediate
J0874,Battery Management Systems,Intermediate
J0875,SQL,Beginner
J0875,React,Beginner
J0875,Git,Advanced
J0876,Python,Advanced
J0876,Predictive Maintenance,Intermediate
J0876,Electric Powertrain,Intermediate
J0877,Quantum Computing Basics,Beginner
J0877,Node.js,Intermediate
J0877,Content Strategy,Intermediate
J0877,SCADA,Beginner
J0877,Robotics Troubleshooting,Beginner
J0878,SAP EWM,Advanced
J0878,FastAPI,Beginner
J0878,Inventory Management,Beginner
J0878,Battery Management Systems,Intermediate
J0879,Power BI,Intermediate
J0879,React,Beginner
J0879,Quantum Computing Basics,Intermediate
J0879,Node.js,Intermediate
J0880,SEO/SEM,Beginner
J0880,Quantum Computing Basics,Advanced
J0880,Docker,Advanced
J0880,Grid Integration,Beginner
J0880,Microprocessors,Advanced
J0881,Python,Advanced
J0881,C++,Intermediate
J0881,Quantum Computing Basics,Advanced
J0882,SQL,Intermediate
J0882,React,Advanced
J0882,Machine Learning,Intermediate
J0882,Robotics Troubleshooting,Advanced
J0882,Electric Powertrain,Beginner
J0883,React,Advanced
J0883,Inventory Management,Advanced
J0883,Machine Learning,Advanced
J0883,Node.js,Advanced
J0883,FastAPI,Advanced
J0884,Content Strategy,Beginner
J0884,Microprocessors,Advanced
J0884,Robotics Troubleshooting,Advanced
J0885,Predictive Maintenance,Intermediate
J0885,SEO/SEM,Intermediate
J0885,PLC Programming,Advanced
J0885,AWS,Beginner
J0886,Docker,Advanced
J0886,Predictive Maintenance,Advanced
J0886,Logistics Analytics,Beginner
J0886,FastAPI,Intermediate
J0887,Logistics Analytics,Intermediate
J0887,Battery Management Systems,Beginner
J0887,Robotics Troubleshooting,Beginner
J0888,AWS,Intermediate
J0888,Machine Learning,Intermediate
J0888,Battery Management Systems,Intermediate
J0888,Grid Integration,Advanced
J0889,PLC Programming,Intermediate
J0889,Git,Beginner
J0889,Node.js,Intermediate
J0889,C++,Intermediate
J0890,Logistics Analytics,Intermediate
J0890,Docker,Beginner
J0890,Node.js,Intermediate
J0891,SQL,Beginner
J0891,PLC Programming,Beginner
J0891,Microprocessors,Beginner
J0892,Predictive Maintenance,Advanced
J0892,Node.js,Advanced
J0892,Robotics Troubleshooting,Intermediate
J0892,FastAPI,Advanced
J0892,Content Strategy,Intermediate
J0893,PLC Programming,Intermediate
J0893,Node.js,Advanced
J0893,Data Structures,Intermediate
J0893,Grid Integration,Intermediate
J0893,Content Strategy,Intermediate
J0894,Predictive Maintenance,Beginner
J0894,Logistics Analytics,Beginner
J0894,C++,Intermediate
J0894,Robotics Troubleshooting,Intermediate
J0895,SCADA,Beginner
J0895,AWS,Beginner
J0895,Robotics Troubleshooting,Advanced
J0895,Kubernetes,Intermediate
J0896,Electric Powertrain,Intermediate
J0896,SQL,Advanced
J0896,Content Strategy,Advanced
J0897,Grid Integration,Intermediate
J0897,Python,Intermediate
J0897,Quantum Computing Basics,Advanced
J0897,Data Structures,Beginner
J0898,Power BI,Intermediate
J0898,React,Advanced
J0898,Grid Integration,Beginner
J0899,Content Strategy,Intermediate
J0899,Digital Electronics,Advanced
J0899,Logistics Analytics,Advanced
J0899,IoT Sensors,Advanced
J0899,FastAPI,Intermediate
J0900,C++,Beginner
J0900,Microprocessors,Intermediate
J0900,Machine Learning,Beginner
J0901,IoT Sensors,Intermediate
J0901,Python,Intermediate
J0901,Node.js,Beginner
J0902,SEO/SEM,Advanced
J0902,React,Beginner
J0902,IoT Sensors,Advanced
J0903,Electric Powertrain,Advanced
J0903,Robotics Troubleshooting,Beginner
J0903,Solar PV Design,Advanced
J0903,Logistics Analytics,Intermediate
J0904,Inventory Management,Beginner
J0904,C++,Intermediate
J0904,Docker,Advanced
J0904,Data Structures,Advanced
J0905,SEO/SEM,Beginner
J0905,Robotics Troubleshooting,Beginner
J0905,SQL,Beginner
J0905,Logistics Analytics,Beginner
J0905,Python,Beginner
J0906,Robotics Troubleshooting,Intermediate
J0906,Solar PV Design,Beginner
J0906,Predictive Maintenance,Advanced
J0906,Quantum Computing Basics,Beginner
J0906,Logistics Analytics,Beginner
J0907,IoT Sensors,Advanced
J0907,Solar PV Design,Advanced
J0907,Machine Learning,Intermediate
J0908,Microprocessors,Advanced
J0908,Machine Learning,Intermediate
J0908,Node.js,Intermediate
J0908,FastAPI,Advanced
J0908,Content Strategy,Advanced
J0909,Digital Electronics,Intermediate
J0909,Electric Powertrain,Beginner
J0909,Robotics Troubleshooting,Advanced
J0909,Node.js,Advanced
J0909,SAP EWM,Advanced
J0910,Inventory Management,Intermediate
J0910,Power BI,Intermediate
J0910,Solar PV Design,Advanced
J0910,Robotics Troubleshooting,Advanced
J0911,Quantum Computing Basics,Advanced
J0911,Git,Advanced
J0911,SCADA,Beginner
J0911,Node.js,Intermediate
J0912,FastAPI,Advanced
J0912,Quantum Computing Basics,Beginner
J0912,Machine Learning,Advanced
J0912,SAP EWM,Advanced
J0913,SCADA,Intermediate
J0913,Predictive Maintenance,Intermediate
J0913,Solar PV Design,Intermediate
J0914,Electric Powertrain,Intermediate
J0914,SCADA,Beginner
J0914,Robotics Troubleshooting,Intermediate
J0915,IoT Sensors,Advanced
J0915,Robotics Troubleshooting,Advanced
J0915,C++,Advanced
J0916,SQL,Beginner
J0916,Python,Advanced
J0916,SEO/SEM,Beginner
J0917,IoT Sensors,Beginner
J0917,Docker,Intermediate
J0917,Content Strategy,Intermediate
J0918,FastAPI,Advanced
J0918,IoT Sensors,Beginner
J0918,Microprocessors,Intermediate
J0919,SEO/SEM,Advanced
J0919,Power BI,Beginner
J0919,React,Intermediate
J0919,Electric Powertrain,Intermediate
J0919,Microprocessors,Advanced
J0920,Docker,Beginner
J0920,Quantum Computing Basics,Advanced
J0920,Battery Management Systems,Beginner
J0921,Solar PV Design,Advanced
J0921,Logistics Analytics,Advanced
J0921,Data Structures,Intermediate
J0921,Kubernetes,Beginner
J0922,Grid Integration,Beginner
J0922,Content Strategy,Beginner
J0922,Logistics Analytics,Intermediate
J0922,Microprocessors,Advanced
J0923,Inventory Management,Intermediate
J0923,SQL,Advanced
J0923,Grid Integration,Beginner
J0924,Robotics Troubleshooting,Advanced
J0924,PLC Programming,Advanced
J0924,Node.js,Advanced
J0924,React,Intermediate
J0925,Python,Intermediate
J0925,Predictive Maintenance,Intermediate
J0925,SQL,Intermediate
J0925,Digital Electronics,Beginner
J0925,Power BI,Advanced
J0926,IoT Sensors,Advanced
J0926,SQL,Intermediate
J0926,Logistics Analytics,Advanced
J0926,AWS,Advanced
J0927,Data Structures,Advanced
J0927,SAP EWM,Beginner
J0927,PLC Programming,Advanced
J0928,SAP EWM,Advanced
J0928,Solar PV Design,Intermediate
J0928,Quantum Computing Basics,Beginner
J0928,Machine Learning,Advanced
J0929,Quantum Computing Basics,Intermediate
J0929,Robotics Troubleshooting,Beginner
J0929,Node.js,Advanced
J0930,SAP EWM,Intermediate
J0930,AWS,Beginner
J0930,Electric Powertrain,Beginner
J0930,Node.js,Beginner
J0930,Robotics Troubleshooting,Advanced
J0931,FastAPI,Beginner
J0931,SCADA,Beginner
J0931,Docker,Advanced
J0932,Node.js,Advanced
J0932,SCADA,Advanced
J0932,C++,Intermediate
J0932,Content Strategy,Intermediate
J0933,AWS,Intermediate
J0933,SCADA,Intermediate
J0933,Predictive Maintenance,Beginner
J0933,Robotics Troubleshooting,Advanced
J0933,PLC Programming,Advanced
J0934,Git,Advanced
J0934,Data Structures,Advanced
J0934,Docker,Advanced
J0934,Quantum Computing Basics,Advanced
J0934,Predictive Maintenance,Beginner
J0935,SAP EWM,Advanced
J0935,Grid Integration,Beginner
J0935,Git,Advanced
J0936,Python,Intermediate
J0936,Git,Beginner
J0936,Docker,Advanced
J0936,React,Advanced
J0936,Digital Electronics,Beginner
J0937,Predictive Maintenance,Advanced
J0937,Battery Management Systems,Beginner
J0937,Node.js,Beginner
J0937,SCADA,Beginner
J0938,SQL,Beginner
J0938,Digital Electronics,Intermediate
J0938,IoT Sensors,Beginner
J0938,Logistics Analytics,Advanced
J0939,Robotics Troubleshooting,Beginner
J0939,Predictive Maintenance,Beginner
J0939,Quantum Computing Basics,Advanced
J0939,Node.js,Advanced
J0939,IoT Sensors,Intermediate
J0940,Logistics Analytics,Intermediate
J0940,IoT Sensors,Intermediate
J0940,Quantum Computing Basics,Intermediate
J0941,Docker,Beginner
J0941,Robotics Troubleshooting,Intermediate
J0941,Digital Electronics,Advanced
J0942,Python,Advanced
J0942,Quantum Computing Basics,Intermediate
J0942,Kubernetes,Advanced
J0942,React,Beginner
J0943,Kubernetes,Intermediate
J0943,Grid Integration,Beginner
J0943,Python,Advanced
J0944,SCADA,Intermediate
J0944,React,Intermediate
J0944,Machine Learning,Beginner
J0945,Python,Intermediate
J0945,Kubernetes,Advanced
J0945,C++,Beginner
J0945,Solar PV Design,Intermediate
J0945,FastAPI,Advanced
J0946,FastAPI,Intermediate
J0946,Power BI,Intermediate
J0946,Microprocessors,Beginner
J0946,SQL,Advanced
J0946,Data Structures,Advanced
J0947,Git,Beginner
J0947,IoT Sensors,Advanced
J0947,Inventory Management,Intermediate
J0947,SAP EWM,Beginner
J0947,Machine Learning,Beginner
J0948,SQL,Beginner
J0948,Microprocessors,Advanced
J0948,Robotics Troubleshooting,Beginner
J0948,SEO/SEM,Beginner
J0948,Predictive Maintenance,Beginner
J0949,SEO/SEM,Intermediate
J0949,SAP EWM,Advanced
J0949,Inventory Management,Advanced
J0949,IoT Sensors,Intermediate
J0950,Microprocessors,Intermediate
J0950,IoT Sensors,Beginner
J0950,Kubernetes,Advanced
J0951,Grid Integration,Advanced
J0951,Content Strategy,Advanced
J0951,Python,Beginner
J0951,FastAPI,Intermediate
J0951,Solar PV Design,Beginner
J0952,Kubernetes,Beginner
J0952,Data Structures,Advanced
J0952,AWS,Advanced
J0952,IoT Sensors,Intermediate
J0952,SEO/SEM,Advanced
J0953,Inventory Management,Intermediate
J0953,SCADA,Advanced
J0953,Solar PV Design,Beginner
J0953,SEO/SEM,Advanced
J0953,Digital Electronics,Intermediate
J0954,C++,Advanced
J0954,Logistics Analytics,Intermediate
J0954,IoT Sensors,Beginner
J0954,Quantum Computing Basics,Intermediate
J0955,Git,Intermediate
J0955,IoT Sensors,Beginner
J0955,Kubernetes,Beginner
J0956,Quantum Computing Basics,Advanced
J0956,Robotics Troubleshooting,Advanced
J0956,C++,Beginner
J0957,FastAPI,Beginner
J0957,Git,Beginner
J0957,Digital Electronics,Advanced
J0958,Inventory Management,Advanced
J0958,Solar PV Design,Beginner
J0958,SCADA,Beginner
J0958,Electric Powertrain,Advanced
J0958,Battery Management Systems,Intermediate
J0959,Node.js,Intermediate
J0959,Solar PV Design,Intermediate
J0959,Predictive Maintenance,Intermediate
J0960,Power BI,Advanced
J0960,Node.js,Advanced
J0960,Robotics Troubleshooting,Beginner
J0960,IoT Sensors,Beginner
J0960,FastAPI,Advanced
J0961,Grid Integration,Advanced
J0961,Docker,Intermediate
J0961,SAP EWM,Advanced
J0961,Solar PV Design,Intermediate
J0962,Battery Management Systems,Beginner
J0962,PLC Programming,Intermediate
J0962,SEO/SEM,Advanced
J0962,Machine Learning,Intermediate
J0962,Python,Beginner
J0963,PLC Programming,Beginner
J0963,SAP EWM,Intermediate
J0963,Git,Advanced
J0964,SQL,Intermediate
J0964,Inventory Management,Advanced
J0964,Microprocessors,Intermediate
J0965,Predictive Maintenance,Advanced
J0965,FastAPI,Advanced
J0965,Machine Learning,Advanced
J0966,Predictive Maintenance,Intermediate
J0966,React,Intermediate
J0966,Kubernetes,Advanced
J0966,Electric Powertrain,Beginner
J0966,Content Strategy,Beginner
J0967,Solar PV Design,Intermediate
J0967,Logistics Analytics,Beginner
J0967,Battery Management Systems,Advanced
J0968,Inventory Management,Advanced
J0968,Power BI,Intermediate
J0968,SAP EWM,Beginner
J0968,FastAPI,Beginner
J0968,Grid Integration,Beginner
J0969,Data Structures,Intermediate
J0969,Git,Advanced
J0969,Machine Learning,Advanced
J0970,Python,Intermediate
J0970,Power BI,Intermediate
J0970,Inventory Management,Advanced
J0970,Digital Electronics,Beginner
J0971,Kubernetes,Advanced
J0971,Digital Electronics,Intermediate
J0971,Electric Powertrain,Beginner
J0971,SEO/SEM,Beginner
J0971,C++,Beginner
J0972,Git,Beginner
J0972,Logistics Analytics,Advanced
J0972,Robotics Troubleshooting,Advanced
J0972,PLC Programming,Advanced
J0972,SQL,Advanced
J0973,Python,Intermediate
J0973,SCADA,Beginner
J0973,PLC Programming,Advanced
J0973,Robotics Troubleshooting,Advanced
J0974,Kubernetes,Intermediate
J0974,SAP EWM,Intermediate
J0974,Logistics Analytics,Intermediate
J0974,Solar PV Design,Advanced
J0974,Data Structures,Advanced
J0975,Electric Powertrain,Advanced
J0975,IoT Sensors,Beginner
J0975,SAP EWM,Beginner
J0975,Robotics Troubleshooting,Advanced
J0975,Predictive Maintenance,Beginner
J0976,Solar PV Design,Intermediate
J0976,PLC Programming,Beginner
J0976,React,Advanced
J0977,Docker,Advanced
J0977,FastAPI,Beginner
J0977,Quantum Computing Basics,Advanced
J0977,Inventory Management,Beginner
J0978,SAP EWM,Beginner
J0978,Predictive Maintenance,Intermediate
J0978,Machine Learning,Advanced
J0979,Machine Learning,Intermediate
J0979,Docker,Advanced
J0979,SAP EWM,Intermediate
J0980,SQL,Beginner
J0980,Content Strategy,Intermediate
J0980,FastAPI,Intermediate
J0980,Python,Advanced
J0981,Electric Powertrain,Beginner
J0981,Robotics Troubleshooting,Advanced
J0981,Digital Electronics,Beginner
J0981,FastAPI,Beginner
J0982,IoT Sensors,Beginner
J0982,PLC Programming,Advanced
J0982,SAP EWM,Advanced
J0982,Robotics Troubleshooting,Advanced
J0983,Robotics Troubleshooting,Intermediate
J0983,Battery Management Systems,Advanced
J0983,Python,Advanced
J0983,React,Advanced
J0983,Kubernetes,Advanced
J0984,Grid Integration,Intermediate
J0984,Logistics Analytics,Advanced
J0984,Kubernetes,Advanced
J0985,Solar PV Design,Intermediate
J0985,Electric Powertrain,Beginner
J0985,PLC Programming,Advanced
J0985,Battery Management Systems,Intermediate
J0986,Data Structures,Advanced
J0986,React,Intermediate
J0986,PLC Programming,Advanced
J0986,Predictive Maintenance,Intermediate
J0986,Git,Advanced
J0987,SQL,Beginner
J0987,Data Structures,Advanced
J0987,SAP EWM,Intermediate
J0987,Machine Learning,Beginner
J0987,IoT Sensors,Advanced
J0988,Docker,Beginner
J0988,Kubernetes,Advanced
J0988,Battery Management Systems,Advanced
J0989,Solar PV Design,Intermediate
J0989,FastAPI,Intermediate
J0989,AWS,Advanced
J0989,Power BI,Beginner
J0989,Git,Intermediate
J0990,SAP EWM,Beginner
J0990,Power BI,Beginner
J0990,SQL,Advanced
J0991,SQL,Intermediate
J0991,SCADA,Beginner
J0991,Docker,Beginner
J0992,IoT Sensors,Advanced
J0992,Docker,Advanced
J0992,Data Structures,Intermediate
J0992,SQL,Beginner
J0992,Power BI,Beginner
J0993,Microprocessors,Intermediate
J0993,SEO/SEM,Advanced
J0993,Python,Advanced
J0993,PLC Programming,Advanced
J0994,SQL,Advanced
J0994,React,Intermediate
J0994,C++,Intermediate
J0994,Inventory Management,Advanced
J0994,SCADA,Intermediate
J0995,Quantum Computing Basics,Advanced
J0995,Python,Beginner
J0995,PLC Programming,Advanced
J0995,FastAPI,Advanced
J0995,Git,Beginner
J0996,SEO/SEM,Beginner
J0996,Electric Powertrain,Beginner
J0996,Digital Electronics,Intermediate
J0996,React,Intermediate
J0997,FastAPI,Intermediate
J0997,SCADA,Advanced
J0997,Python,Advanced
J0997,Power BI,Beginner
J0997,Digital Electronics,Beginner
J0998,Data Structures,Intermediate
J0998,Logistics Analytics,Beginner
J0998,SAP EWM,Advanced
J0998,React,Intermediate
J0998,Content Strategy,Beginner
J0999,Node.js,Advanced
J0999,Quantum Computing Basics,Beginner
J0999,PLC Programming,Beginner
J0999,C++,Advanced
J1000,SAP EWM,Advanced
J1000,Robotics Troubleshooting,Beginner
J1000,Predictive Maintenance,Advanced
J1001,Git,Intermediate
J1001,Digital Electronics,Advanced
J1001,Quantum Computing Basics,Beginner
J1001,Robotics Troubleshooting,Beginner
J1002,Power BI,Beginner
J1002,Node.js,Beginner
J1002,Grid Integration,Beginner
J1003,IoT Sensors,Advanced
J1003,Quantum Computing Basics,Beginner
J1003,Node.js,Advanced
J1003,SAP EWM,Beginner
J1003,Python,Advanced
J1004,SEO/SEM,Beginner
J1004,AWS,Intermediate
J1004,SQL,Beginner
J1004,Kubernetes,Intermediate
J1005,SCADA,Beginner
J1005,Solar PV Design,Advanced
J1005,Microprocessors,Advanced
J1006,Node.js,Advanced
J1006,Quantum Computing Basics,Intermediate
J1006,PLC Programming,Beginner
J1006,Electric Powertrain,Beginner
J1007,Battery Management Systems,Beginner
J1007,Robotics Troubleshooting,Advanced
J1007,Kubernetes,Advanced
J1007,Solar PV Design,Beginner
J1008,Git,Beginner
J1008,PLC Programming,Advanced
J1008,Python,Advanced
J1009,C++,Advanced
J1009,Content Strategy,Advanced
J1009,Docker,Beginner
J1009,Logistics Analytics,Beginner
J1009,SQL,Advanced
J1010,Power BI,Advanced
J1010,SCADA,Intermediate
J1010,IoT Sensors,Intermediate
J1011,Docker,Intermediate
J1011,Logistics Analytics,Advanced
J1011,Battery Management Systems,Intermediate
J1011,Content Strategy,Beginner
J1011,Data Structures,Intermediate
J1012,Machine Learning,Intermediate
J1012,SEO/SEM,Beginner
J1012,Quantum Computing Basics,Advanced
J1012,Electric Powertrain,Advanced
J1012,React,Intermediate
J1013,PLC Programming,Intermediate
J1013,SEO/SEM,Beginner
J1013,Robotics Troubleshooting,Beginner
J1013,Predictive Maintenance,Beginner
J1014,SAP EWM,Intermediate
J1014,Git,Advanced
J1014,Machine Learning,Advanced
J1014,AWS,Intermediate
J1014,Battery Management Systems,Intermediate
J1015,Inventory Management,Beginner
J1015,Robotics Troubleshooting,Advanced
J1015,C++,Intermediate
J1016,C++,Intermediate
J1016,Microprocessors,Beginner
J1016,Battery Management Systems,Beginner
J1016,Electric Powertrain,Advanced
J1016,Kubernetes,Advanced
J1017,Digital Electronics,Beginner
J1017,Logistics Analytics,Intermediate
J1017,React,Intermediate
J1018,IoT Sensors,Beginner
J1018,Git,Advanced
J1018,Docker,Beginner
J1019,Power BI,Beginner
J1019,IoT Sensors,Advanced
J1019,Python,Beginner
J1020,SCADA,Advanced
J1020,Microprocessors,Beginner
J1020,Quantum Computing Basics,Beginner
J1020,Predictive Maintenance,Advanced
J1021,FastAPI,Beginner
J1021,PLC Programming,Intermediate
J1021,Machine Learning,Advanced
J1022,Digital Electronics,Beginner
J1022,Logistics Analytics,Beginner
J1022,Kubernetes,Beginner
J1022,Machine Learning,Beginner
J1022,FastAPI,Beginner
J1023,Python,Advanced
J1023,Digital Electronics,Intermediate
J1023,Kubernetes,Advanced
J1023,SEO/SEM,Intermediate
J1024,FastAPI,Intermediate
J1024,Digital Electronics,Advanced
J1024,Microprocessors,Advanced
J1024,Inventory Management,Intermediate
J1024,SCADA,Advanced
J1025,Battery Management Systems,Intermediate
J1025,Machine Learning,Intermediate
J1025,React,Advanced
J1026,Machine Learning,Beginner
J1026,Logistics Analytics,Intermediate
J1026,Git,Beginner
J1026,Robotics Troubleshooting,Advanced
J1027,Content Strategy,Beginner
J1027,SAP EWM,Intermediate
J1027,AWS,Advanced
J1027,Docker,Intermediate
J1027,React,Advanced
J1028,Solar PV Design,Beginner
J1028,PLC Programming,Intermediate
J1028,Power BI,Beginner
J1028,Git,Advanced
J1028,Robotics Troubleshooting,Advanced
J1029,Git,Beginner
J1029,Content Strategy,Beginner
J1029,Robotics Troubleshooting,Intermediate
J1029,SQL,Beginner
J1030,Inventory Management,Advanced
J1030,SEO/SEM,Intermediate
J1030,Digital Electronics,Intermediate
J1030,Git,Advanced
J1030,Data Structures,Intermediate
J1031,C++,Beginner
J1031,Robotics Troubleshooting,Beginner
J1031,IoT Sensors,Intermediate
J1031,Data Structures,Intermediate
J1032,Node.js,Advanced
J1032,Electric Powertrain,Advanced
J1032,Machine Learning,Advanced
J1032,SCADA,Beginner
J1033,SCADA,Advanced
J1033,Robotics Troubleshooting,Intermediate
J1033,C++,Beginner
J1034,Docker,Intermediate
J1034,Power BI,Advanced
J1034,PLC Programming,Advanced
J1035,Quantum Computing Basics,Beginner
J1035,Battery Management Systems,Beginner
J1035,Power BI,Beginner
J1035,C++,Advanced
J1036,Robotics Troubleshooting,Intermediate
J1036,IoT Sensors,Beginner
J1036,Kubernetes,Advanced
J1036,Python,Beginner
J1037,Robotics Troubleshooting,Intermediate
J1037,Data Structures,Intermediate
J1037,Battery Management Systems,Intermediate
J1038,Docker,Intermediate
J1038,C++,Beginner
J1038,SQL,Advanced
J1038,SEO/SEM,Beginner
J1039,SEO/SEM,Advanced
J1039,Data Structures,Intermediate
J1039,Grid Integration,Advanced
J1039,Python,Beginner
J1039,SAP EWM,Beginner
J1040,Robotics Troubleshooting,Advanced
J1040,SCADA,Intermediate
J1040,Quantum Computing Basics,Advanced
J1040,React,Advanced
J1041,Quantum Computing Basics,Advanced
J1041,IoT Sensors,Advanced
J1041,Inventory Management,Beginner
J1041,Predictive Maintenance,Beginner
J1041,SAP EWM,Advanced
J1042,Kubernetes,Beginner
J1042,Git,Intermediate
J1042,React,Intermediate
J1043,SQL,Advanced
J1043,C++,Beginner
J1043,Inventory Management,Advanced
J1044,SEO/SEM,Beginner
J1044,Digital Electronics,Advanced
J1044,Content Strategy,Advanced
J1044,Robotics Troubleshooting,Advanced
J1044,Logistics Analytics,Advanced
J1045,Robotics Troubleshooting,Beginner
J1045,Solar PV Design,Beginner
J1045,Data Structures,Advanced
J1046,SEO/SEM,Intermediate
J1046,Electric Powertrain,Intermediate
J1046,Data Structures,Advanced
J1046,SQL,Beginner
J1046,Predictive Maintenance,Intermediate
J1047,Git,Intermediate
J1047,React,Intermediate
J1047,Predictive Maintenance,Beginner
J1047,Docker,Beginner
J1048,AWS,Intermediate
J1048,SAP EWM,Advanced
J1048,Machine Learning,Beginner
J1048,Digital Electronics,Advanced
J1048,Content Strategy,Advanced
J1049,Inventory Management,Advanced
J1049,Git,Intermediate
J1049,Docker,Intermediate
J1050,Node.js,Intermediate
J1050,Microprocessors,Beginner
J1050,Solar PV Design,Advanced
J1050,C++,Intermediate
J1051,Quantum Computing Basics,Intermediate
J1051,Microprocessors,Advanced
J1051,Electric Powertrain,Beginner
J1051,SCADA,Intermediate
J1052,AWS,Advanced
J1052,PLC Programming,Beginner
J1052,Logistics Analytics,Advanced
J1052,Git,Intermediate
J1052,Electric Powertrain,Advanced
J1053,Docker,Advanced
J1053,Machine Learning,Beginner
J1053,SQL,Advanced
J1053,Solar PV Design,Intermediate
J1054,AWS,Intermediate
J1054,React,Intermediate
J1054,Python,Intermediate
J1055,Kubernetes,Intermediate
J1055,Electric Powertrain,Intermediate
J1055,IoT Sensors,Intermediate
J1056,FastAPI,Intermediate
J1056,Data Structures,Intermediate
J1056,Content Strategy,Intermediate
J1056,Docker,Beginner
J1056,Machine Learning,Beginner
J1057,Microprocessors,Beginner
J1057,Quantum Computing Basics,Advanced
J1057,Git,Intermediate
J1058,SAP EWM,Advanced
J1058,Digital Electronics,Advanced
J1058,Solar PV Design,Beginner
J1058,Inventory Management,Intermediate
J1058,React,Beginner
J1059,IoT Sensors,Intermediate
J1059,Power BI,Beginner
J1059,Robotics Troubleshooting,Intermediate
J1059,Predictive Maintenance,Beginner
J1059,Git,Advanced
J1060,Kubernetes,Beginner
J1060,Inventory Management,Intermediate
J1060,Battery Management Systems,Advanced
J1060,Grid Integration,Beginner
J1060,FastAPI,Beginner
J1061,Robotics Troubleshooting,Intermediate
J1061,Power BI,Intermediate
J1061,SEO/SEM,Beginner
J1061,SQL,Advanced
J1061,Data Structures,Intermediate
J1062,Digital Electronics,Intermediate
J1062,Robotics Troubleshooting,Advanced
J1062,PLC Programming,Advanced
J1063,C++,Beginner
J1063,Grid Integration,Intermediate
J1063,Quantum Computing Basics,Advanced
J1063,SCADA,Advanced
J1064,Data Structures,Intermediate
J1064,IoT Sensors,Advanced
J1064,Digital Electronics,Advanced
J1064,Python,Advanced
J1065,Power BI,Beginner
J1065,Electric Powertrain,Beginner
J1065,PLC Programming,Advanced
J1065,SQL,Intermediate
J1066,Quantum Computing Basics,Intermediate
J1066,Solar PV Design,Intermediate
J1066,SCADA,Beginner
J1066,FastAPI,Beginner
J1067,AWS,Advanced
J1067,Kubernetes,Intermediate
J1067,Docker,Beginner
J1067,SAP EWM,Advanced
J1067,Quantum Computing Basics,Advanced
J1068,C++,Advanced
J1068,Microprocessors,Advanced
J1068,Predictive Maintenance,Beginner
J1069,Microprocessors,Intermediate
J1069,Digital Electronics,Advanced
J1069,Data Structures,Beginner
J1069,Quantum Computing Basics,Beginner
J1070,Microprocessors,Advanced
J1070,FastAPI,Beginner
J1070,SEO/SEM,Advanced
J1070,Solar PV Design,Beginner
J1071,React,Beginner
J1071,Electric Powertrain,Beginner
J1071,Machine Learning,Advanced
J1072,Node.js,Intermediate
J1072,Power BI,Advanced
J1072,SQL,Intermediate
J1072,Quantum Computing Basics,Intermediate
J1072,Solar PV Design,Intermediate
J1073,Python,Intermediate
J1073,C++,Advanced
J1073,React,Advanced
J1073,Kubernetes,Beginner
J1074,Kubernetes,Beginner
J1074,Power BI,Intermediate
J1074,IoT Sensors,Advanced
J1074,Battery Management Systems,Beginner
J1075,Inventory Management,Advanced
J1075,Quantum Computing Basics,Beginner
J1075,Docker,Beginner
J1075,Git,Intermediate
J1075,IoT Sensors,Advanced
J1076,React,Intermediate
J1076,Logistics Analytics,Beginner
J1076,SQL,Beginner
J1076,Node.js,Advanced
J1077,Inventory Management,Intermediate
J1077,Logistics Analytics,Intermediate
J1077,SEO/SEM,Intermediate
J1077,Predictive Maintenance,Intermediate
J1078,Kubernetes,Advanced
J1078,Electric Powertrain,Intermediate
J1078,Power BI,Advanced
J1079,PLC Programming,Advanced
J1079,Microprocessors,Beginner
J1079,Solar PV Design,Beginner
J1079,SAP EWM,Intermediate
J1079,React,Beginner
J1080,Predictive Maintenance,Intermediate
J1080,PLC Programming,Advanced
J1080,Robotics Troubleshooting,Beginner
J1081,Docker,Advanced
J1081,Digital Electronics,Intermediate
J1081,Predictive Maintenance,Beginner
J1081,Solar PV Design,Intermediate
J1081,Logistics Analytics,Beginner
J1082,C++,Advanced
J1082,Electric Powertrain,Intermediate
J1082,AWS,Intermediate
J1082,Kubernetes,Beginner
J1082,Microprocessors,Advanced
J1083,Battery Management Systems,Advanced
J1083,SAP EWM,Advanced
J1083,Power BI,Beginner
J1083,Content Strategy,Advanced
J1084,Python,Advanced
J1084,Quantum Computing Basics,Intermediate
J1084,Microprocessors,Advanced
J1084,Node.js,Beginner
J1084,Electric Powertrain,Advanced
J1085,SAP EWM,Beginner
J1085,Content Strategy,Advanced
J1085,IoT Sensors,Advanced
J1085,Battery Management Systems,Intermediate
J1086,Node.js,Intermediate
J1086,Grid Integration,Beginner
J1086,Logistics Analytics,Beginner
J1087,Robotics Troubleshooting,Advanced
J1087,React,Intermediate
J1087,Content Strategy,Intermediate
J1087,Battery Management Systems,Advanced
J1088,Robotics Troubleshooting,Advanced
J1088,SCADA,Intermediate
J1088,Microprocessors,Intermediate
J1088,Predictive Maintenance,Advanced
J1089,PLC Programming,Beginner
J1089,Git,Beginner
J1089,Docker,Beginner
J1089,Microprocessors,Beginner
J1090,SQL,Advanced
J1090,AWS,Beginner
J1090,PLC Programming,Intermediate
J1091,FastAPI,Intermediate
J1091,Git,Advanced
J1091,Predictive Maintenance,Advanced
J1091,Python,Intermediate
J1092,Docker,Intermediate
J1092,Git,Advanced
J1092,Data Structures,Intermediate
J1092,Node.js,Beginner
J1093,IoT Sensors,Advanced
J1093,Logistics Analytics,Intermediate
J1093,Microprocessors,Beginner
J1094,Microprocessors,Advanced
J1094,Inventory Management,Advanced
J1094,Electric Powertrain,Beginner
J1094,C++,Intermediate
J1094,SCADA,Advanced
J1095,Predictive Maintenance,Beginner
J1095,SQL,Advanced
J1095,FastAPI,Intermediate
J1095,Git,Beginner
J1095,SCADA,Intermediate
J1096,Machine Learning,Intermediate
J1096,SCADA,Beginner
J1096,Node.js,Intermediate
J1097,Robotics Troubleshooting,Advanced
J1097,SQL,Intermediate
J1097,Kubernetes,Advanced
J1097,Docker,Intermediate
J1097,C++,Intermediate
J1098,Node.js,Advanced
J1098,Solar PV Design,Beginner
J1098,IoT Sensors,Intermediate
J1098,FastAPI,Intermediate
J1098,AWS,Intermediate
J1099,PLC Programming,Intermediate
J1099,SAP EWM,Beginner
J1099,Kubernetes,Advanced
J1100,Inventory Management,Beginner
J1100,Git,Beginner
J1100,Digital Electronics,Beginner
J1101,AWS,Intermediate
J1101,Machine Learning,Intermediate
J1101,IoT Sensors,Advanced
J1101,Grid Integration,Intermediate
J1101,Electric Powertrain,Beginner
J1102,IoT Sensors,Beginner
J1102,SEO/SEM,Intermediate
J1102,Content Strategy,Intermediate
J1103,SAP EWM,Intermediate
J1103,Electric Powertrain,Beginner
J1103,SQL,Beginner
J1104,Logistics Analytics,Intermediate
J1104,Docker,Advanced
J1104,PLC Programming,Beginner
J1104,SQL,Intermediate
J1104,Inventory Management,Beginner
J1105,Microprocessors,Intermediate
J1105,SCADA,Advanced
J1105,FastAPI,Beginner
J1106,Robotics Troubleshooting,Beginner
J1106,Digital Electronics,Advanced
J1106,IoT Sensors,Beginner
J1106,Power BI,Advanced
J1107,Microprocessors,Advanced
J1107,Digital Electronics,Advanced
J1107,IoT Sensors,Beginner
J1107,Kubernetes,Advanced
J1108,Git,Intermediate
J1108,Grid Integration,Intermediate
J1108,Digital Electronics,Advanced
J1109,Node.js,Advanced
J1109,FastAPI,Advanced
J1109,Git,Beginner
J1109,React,Intermediate
J1110,Content Strategy,Advanced
J1110,React,Intermediate
J1110,Grid Integration,Intermediate
J1110,Solar PV Design,Beginner
J1110,AWS,Beginner
J1111,SCADA,Intermediate
J1111,Grid Integration,Intermediate
J1111,SQL,Intermediate
J1112,Python,Intermediate
J1112,AWS,Advanced
J1112,C++,Advanced
J1112,SQL,Intermediate
J1113,Grid Integration,Intermediate
J1113,Digital Electronics,Intermediate
J1113,AWS,Beginner
J1113,Robotics Troubleshooting,Intermediate
J1113,Solar PV Design,Advanced
J1114,React,Beginner
J1114,Logistics Analytics,Intermediate
J1114,Quantum Computing Basics,Beginner
J1114,Git,Intermediate
J1115,Digital Electronics,Advanced
J1115,FastAPI,Beginner
J1115,SAP EWM,Advanced
J1115,Logistics Analytics,Beginner
J1116,Node.js,Intermediate
J1116,Grid Integration,Intermediate
J1116,Robotics Troubleshooting,Beginner
J1116,Digital Electronics,Beginner
J1116,Solar PV Design,Intermediate
J1117,Power BI,Advanced
J1117,SQL,Advanced
J1117,SEO/SEM,Advanced
J1117,Predictive Maintenance,Intermediate
J1117,Python,Intermediate
J1118,Power BI,Advanced
J1118,PLC Programming,Advanced
J1118,Python,Advanced
J1118,Git,Intermediate
J1118,Content Strategy,Beginner
J1119,Git,Beginner
J1119,SEO/SEM,Beginner
J1119,Solar PV Design,Intermediate
J1120,Logistics Analytics,Intermediate
J1120,Content Strategy,Intermediate
J1120,SAP EWM,Beginner
J1120,Microprocessors,Beginner
J1120,SEO/SEM,Intermediate
J1121,AWS,Beginner
J1121,Node.js,Beginner
J1121,Predictive Maintenance,Intermediate
J1122,Grid Integration,Advanced
J1122,C++,Beginner
J1122,FastAPI,Intermediate
J1122,Data Structures,Beginner
J1123,SAP EWM,Intermediate
J1123,Machine Learning,Beginner
J1123,Digital Electronics,Advanced
J1124,Data Structures,Advanced
J1124,Predictive Maintenance,Beginner
J1124,FastAPI,Beginner
J1125,Predictive Maintenance,Advanced
J1125,IoT Sensors,Intermediate
J1125,AWS,Beginner
J1125,SCADA,Intermediate
J1126,Robotics Troubleshooting,Beginner
J1126,Inventory Management,Intermediate
J1126,Power BI,Beginner
J1127,Content Strategy,Intermediate
J1127,Solar PV Design,Intermediate
J1127,PLC Programming,Intermediate
J1127,Battery Management Systems,Beginner
J1128,Git,Beginner
J1128,Node.js,Beginner
J1128,SAP EWM,Intermediate
J1129,FastAPI,Intermediate
J1129,SEO/SEM,Advanced
J1129,C++,Advanced
J1130,Content Strategy,Beginner
J1130,Power BI,Intermediate
J1130,IoT Sensors,Advanced
J1131,Node.js,Beginner
J1131,Microprocessors,Advanced
J1131,AWS,Beginner
J1131,Battery Management Systems,Beginner
J1132,Electric Powertrain,Intermediate
J1132,SQL,Intermediate
J1132,Kubernetes,Intermediate
J1133,Node.js,Beginner
J1133,FastAPI,Intermediate
J1133,SEO/SEM,Beginner
J1133,SCADA,Intermediate
J1134,Logistics Analytics,Advanced
J1134,Inventory Management,Beginner
J1134,PLC Programming,Advanced
J1135,SAP EWM,Intermediate
J1135,AWS,Advanced
J1135,PLC Programming,Beginner
J1135,Quantum Computing Basics,Intermediate
J1135,Grid Integration,Advanced
J1136,Grid Integration,Intermediate
J1136,Machine Learning,Beginner
J1136,PLC Programming,Intermediate
J1137,React,Intermediate
J1137,SEO/SEM,Intermediate
J1137,Grid Integration,Intermediate
J1138,IoT Sensors,Intermediate
J1138,Machine Learning,Beginner
J1138,C++,Beginner
J1138,Node.js,Advanced
J1138,Digital Electronics,Intermediate
J1139,Battery Management Systems,Beginner
J1139,FastAPI,Intermediate
J1139,Data Structures,Intermediate
J1140,SCADA,Beginner
J1140,Microprocessors,Advanced
J1140,Node.js,Beginner
J1140,SEO/SEM,Beginner
J1140,Docker,Intermediate
J1141,Battery Management Systems,Beginner
J1141,C++,Beginner
J1141,Robotics Troubleshooting,Beginner
J1141,Git,Intermediate
J1142,Solar PV Design,Beginner
J1142,Git,Beginner
J1142,Python,Advanced
J1143,Node.js,Intermediate
J1143,Grid Integration,Advanced
J1143,C++,Advanced
J1144,Power BI,Intermediate
J1144,Solar PV Design,Beginner
J1144,Electric Powertrain,Intermediate
J1145,Power BI,Beginner
J1145,Logistics Analytics,Beginner
J1145,C++,Intermediate
J1146,AWS,Intermediate
J1146,Python,Intermediate
J1146,Power BI,Beginner
J1147,SEO/SEM,Intermediate
J1147,PLC Programming,Intermediate
J1147,Battery Management Systems,Advanced
J1148,SQL,Intermediate
J1148,IoT Sensors,Beginner
J1148,FastAPI,Intermediate
J1149,SEO/SEM,Intermediate
J1149,Robotics Troubleshooting,Beginner
J1149,Battery Management Systems,Advanced
J1150,Machine Learning,Advanced
J1150,Power BI,Intermediate
J1150,FastAPI,Beginner
J1150,Node.js,Advanced
J1151,Inventory Management,Intermediate
J1151,Docker,Advanced
J1151,Predictive Maintenance,Advanced
J1151,Machine Learning,Intermediate
J1151,Robotics Troubleshooting,Intermediate
J1152,SAP EWM,Beginner
J1152,React,Intermediate
J1152,Digital Electronics,Beginner
J1152,Data Structures,Beginner
J1153,Data Structures,Advanced
J1153,Digital Electronics,Advanced
J1153,Python,Advanced
J1153,Docker,Beginner
J1153,FastAPI,Advanced
J1154,SEO/SEM,Beginner
J1154,Data Structures,Advanced
J1154,SQL,Beginner
J1155,C++,Advanced
J1155,React,Advanced
J1155,PLC Programming,Advanced
J1155,SQL,Beginner
J1156,Predictive Maintenance,Advanced
J1156,SQL,Beginner
J1156,Grid Integration,Beginner
J1156,Content Strategy,Beginner
J1156,AWS,Intermediate
J1157,Electric Powertrain,Advanced
J1157,SQL,Intermediate
J1157,Content Strategy,Beginner
J1157,Data Structures,Intermediate
J1157,C++,Intermediate
J1158,Solar PV Design,Beginner
J1158,AWS,Beginner
J1158,FastAPI,Advanced
J1159,SQL,Beginner
J1159,C++,Advanced
J1159,IoT Sensors,Advanced
J1159,Content Strategy,Advanced
J1159,Power BI,Intermediate
J1160,Power BI,Advanced
J1160,Kubernetes,Intermediate
J1160,SAP EWM,Intermediate
J1160,Docker,Advanced
J1160,React,Beginner
J1161,Electric Powertrain,Advanced
J1161,Digital Electronics,Advanced
J1161,SCADA,Intermediate
J1161,Kubernetes,Beginner
J1162,Content Strategy,Intermediate
J1162,Predictive Maintenance,Beginner
J1162,Node.js,Intermediate
J1162,Inventory Management,Intermediate
J1163,Solar PV Design,Advanced
J1163,Docker,Intermediate
J1163,Content Strategy,Intermediate
J1163,Grid Integration,Intermediate
J1163,SAP EWM,Intermediate
J1164,SQL,Advanced
J1164,Battery Management Systems,Intermediate
J1164,Grid Integration,Intermediate
J1164,Logistics Analytics,Beginner
J1164,SAP EWM,Beginner
J1165,IoT Sensors,Advanced
J1165,Content Strategy,Intermediate
J1165,Solar PV Design,Beginner
J1165,Microprocessors,Beginner
J1165,Grid Integration,Beginner
J1166,Content Strategy,Intermediate
J1166,Battery Management Systems,Advanced
J1166,Logistics Analytics,Intermediate
J1167,Docker,Beginner
J1167,Quantum Computing Basics,Intermediate
J1167,Power BI,Beginner
J1168,Data Structures,Intermediate
J1168,Battery Management Systems,Intermediate
J1168,Quantum Computing Basics,Advanced
J1169,React,Advanced
J1169,Kubernetes,Intermediate
J1169,Digital Electronics,Intermediate
J1170,Python,Intermediate
J1170,AWS,Intermediate
J1170,Robotics Troubleshooting,Advanced
J1170,SCADA,Intermediate
J1171,Digital Electronics,Intermediate
J1171,Quantum Computing Basics,Advanced
J1171,SEO/SEM,Intermediate
J1171,Git,Beginner
J1172,Power BI,Beginner
J1172,Node.js,Advanced
J1172,IoT Sensors,Intermediate
J1172,Logistics Analytics,Beginner
J1173,SEO/SEM,Advanced
J1173,Quantum Computing Basics,Advanced
J1173,Inventory Management,Intermediate
J1173,Microprocessors,Intermediate
J1174,Battery Management Systems,Advanced
J1174,Python,Advanced
J1174,Git,Beginner
J1174,Power BI,Intermediate
J1175,IoT Sensors,Beginner
J1175,SQL,Advanced
J1175,Logistics Analytics,Advanced
J1175,Node.js,Beginner
J1176,PLC Programming,Intermediate
J1176,Microprocessors,Beginner
J1176,Grid Integration,Beginner
J1177,Kubernetes,Advanced
J1177,Inventory Management,Advanced
J1177,SQL,Advanced
J1177,Logistics Analytics,Advanced
J1178,PLC Programming,Advanced
J1178,Solar PV Design,Beginner
J1178,Microprocessors,Beginner
J1179,Grid Integration,Beginner
J1179,PLC Programming,Advanced
J1179,Git,Advanced
J1179,Microprocessors,Intermediate
J1179,React,Beginner
J1180,Data Structures,Advanced
J1180,Node.js,Beginner
J1180,Logistics Analytics,Beginner
J1180,React,Intermediate
J1180,Battery Management Systems,Advanced
J1181,Quantum Computing Basics,Advanced
J1181,Electric Powertrain,Beginner
J1181,AWS,Intermediate
J1181,Logistics Analytics,Beginner
J1182,Electric Powertrain,Beginner
J1182,Digital Electronics,Intermediate
J1182,Quantum Computing Basics,Advanced
J1182,Kubernetes,Beginner
J1182,Docker,Intermediate
J1183,Predictive Maintenance,Intermediate
J1183,C++,Intermediate
J1183,Quantum Computing Basics,Advanced
J1184,Robotics Troubleshooting,Intermediate
J1184,Git,Beginner
J1184,Node.js,Intermediate
J1185,Solar PV Design,Beginner
J1185,Electric Powertrain,Beginner
J1185,C++,Intermediate
J1185,Battery Management Systems,Intermediate
J1185,Robotics Troubleshooting,Advanced
J1186,Data Structures,Advanced
J1186,Solar PV Design,Intermediate
J1186,Inventory Management,Beginner
J1187,FastAPI,Beginner
J1187,Python,Intermediate
J1187,Microprocessors,Intermediate
J1188,Data Structures,Advanced
J1188,C++,Advanced
J1188,IoT Sensors,Intermediate
J1188,Python,Intermediate
J1188,SEO/SEM,Intermediate
J1189,Robotics Troubleshooting,Beginner
J1189,Battery Management Systems,Beginner
J1189,SAP EWM,Beginner
J1189,Git,Intermediate
J1189,React,Intermediate
J1190,C++,Advanced
J1190,Inventory Management,Beginner
J1190,Content Strategy,Beginner
J1190,IoT Sensors,Beginner
J1190,SAP EWM,Advanced
J1191,Digital Electronics,Beginner
J1191,Machine Learning,Beginner
J1191,FastAPI,Beginner
J1191,React,Beginner
J1192,SQL,Intermediate
J1192,FastAPI,Advanced
J1192,Logistics Analytics,Beginner
J1192,Content Strategy,Intermediate
J1193,Quantum Computing Basics,Beginner
J1193,AWS,Advanced
J1193,SEO/SEM,Advanced
J1193,Electric Powertrain,Intermediate
J1194,Power BI,Beginner
J1194,C++,Advanced
J1194,SQL,Advanced
J1194,React,Beginner
J1194,Git,Beginner
J1195,Git,Beginner
J1195,Python,Beginner
J1195,Data Structures,Intermediate
J1195,Inventory Management,Beginner
J1196,Data Structures,Beginner
J1196,Content Strategy,Intermediate
J1196,AWS,Beginner
J1196,PLC Programming,Intermediate
J1196,SQL,Advanced
J1197,Python,Intermediate
J1197,Electric Powertrain,Beginner
J1197,Git,Advanced
J1198,Python,Advanced
J1198,Docker,Beginner
J1198,Inventory Management,Beginner
J1198,Logistics Analytics,Advanced
J1199,Data Structures,Beginner
J1199,Battery Management Systems,Intermediate
J1199,Quantum Computing Basics,Advanced
J1200,Inventory Management,Advanced
J1200,Battery Management Systems,Advanced
J1200,Logistics Analytics,Advanced
J1201,Content Strategy,Beginner
J1201,Git,Beginner
J1201,Solar PV Design,Beginner
J1201,Quantum Computing Basics,Intermediate
J1202,Content Strategy,Advanced
J1202,C++,Intermediate
J1202,IoT Sensors,Advanced
J1203,React,Beginner
J1203,Predictive Maintenance,Advanced
J1203,SCADA,Beginner
J1204,Solar PV Design,Advanced
J1204,Battery Management Systems,Intermediate
J1204,SCADA,Intermediate
J1205,Predictive Maintenance,Intermediate
J1205,AWS,Beginner
J1205,Grid Integration,Advanced
J1206,Digital Electronics,Advanced
J1206,Kubernetes,Beginner
J1206,Git,Beginner
J1206,SQL,Intermediate
J1207,Microprocessors,Intermediate
J1207,Git,Intermediate
J1207,C++,Advanced
J1207,SQL,Beginner
J1208,Kubernetes,Beginner
J1208,Git,Advanced
J1208,SAP EWM,Beginner
J1208,Predictive Maintenance,Intermediate
J1209,Grid Integration,Intermediate
J1209,Content Strategy,Intermediate
J1209,Inventory Management,Intermediate
J1210,Docker,Intermediate
J1210,C++,Intermediate
J1210,Content Strategy,Advanced
J1210,PLC Programming,Beginner
J1210,Git,Intermediate
J1211,Inventory Management,Intermediate
J1211,Solar PV Design,Intermediate
J1211,SQL,Intermediate
J1211,SAP EWM,Intermediate
J1212,SQL,Advanced
J1212,Node.js,Beginner
J1212,Battery Management Systems,Beginner
J1213,Quantum Computing Basics,Advanced
J1213,Electric Powertrain,Beginner
J1213,Logistics Analytics,Advanced
J1214,Docker,Intermediate
J1214,SCADA,Intermediate
J1214,Inventory Management,Advanced
J1214,Electric Powertrain,Intermediate
J1215,Data Structures,Advanced
J1215,Machine Learning,Beginner
J1215,Robotics Troubleshooting,Beginner
J1215,Microprocessors,Advanced
J1215,Grid Integration,Intermediate
J1216,Git,Beginner
J1216,Machine Learning,Beginner
J1216,PLC Programming,Beginner
J1216,Digital Electronics,Beginner
J1217,FastAPI,Advanced
J1217,Digital Electronics,Intermediate
J1217,SAP EWM,Intermediate
J1218,Kubernetes,Intermediate
J1218,IoT Sensors,Intermediate
J1218,AWS,Beginner
J1218,SAP EWM,Beginner
J1218,Solar PV Design,Intermediate
J1219,SEO/SEM,Intermediate
J1219,Digital Electronics,Advanced
J1219,Grid Integration,Intermediate
J1219,Robotics Troubleshooting,Advanced
J1220,PLC Programming,Advanced
J1220,Kubernetes,Intermediate
J1220,Predictive Maintenance,Intermediate
J1220,IoT Sensors,Intermediate
J1220,C++,Intermediate
J1221,Data Structures,Advanced
J1221,C++,Intermediate
J1221,Solar PV Design,Intermediate
J1221,Git,Intermediate
J1222,Microprocessors,Beginner
J1222,Grid Integration,Intermediate
J1222,Docker,Advanced
J1222,IoT Sensors,Advanced
J1222,React,Intermediate
J1223,Logistics Analytics,Beginner
J1223,Power BI,Beginner
J1223,React,Intermediate
J1224,Digital Electronics,Intermediate
J1224,SQL,Advanced
J1224,FastAPI,Intermediate
J1225,SAP EWM,Beginner
J1225,Robotics Troubleshooting,Beginner
J1225,Battery Management Systems,Intermediate
J1226,Electric Powertrain,Beginner
J1226,AWS,Intermediate
J1226,Solar PV Design,Advanced
J1226,Kubernetes,Intermediate
J1226,Node.js,Beginner
J1227,IoT Sensors,Intermediate
J1227,SQL,Advanced
J1227,Microprocessors,Beginner
J1228,SEO/SEM,Advanced
J1228,Content Strategy,Beginner
J1228,Quantum Computing Basics,Beginner
J1228,SAP EWM,Advanced
J1229,Logistics Analytics,Beginner
J1229,Power BI,Intermediate
J1229,SAP EWM,Intermediate
J1229,SCADA,Advanced
J1229,Digital Electronics,Intermediate
J1230,Solar PV Design,Intermediate
J1230,Electric Powertrain,Advanced
J1230,SAP EWM,Advanced
J1230,Power BI,Beginner
J1231,FastAPI,Beginner
J1231,Docker,Beginner
J1231,SEO/SEM,Beginner
J1232,Data Structures,Intermediate
J1232,Predictive Maintenance,Beginner
J1232,Kubernetes,Beginner
J1232,C++,Intermediate
J1232,Content Strategy,Beginner
J1233,C++,Advanced
J1233,SAP EWM,Advanced
J1233,Git,Advanced
J1234,Docker,Advanced
J1234,SQL,Beginner
J1234,Digital Electronics,Intermediate
J1235,Battery Management Systems,Advanced
J1235,React,Beginner
J1235,Power BI,Intermediate
J1235,IoT Sensors,Intermediate
J1235,Node.js,Advanced
J1236,Git,Intermediate
J1236,Inventory Management,Beginner
J1236,Docker,Intermediate
J1237,Logistics Analytics,Beginner
J1237,Machine Learning,Intermediate
J1237,PLC Programming,Advanced
J1237,C++,Beginner
J1238,Machine Learning,Intermediate
J1238,Robotics Troubleshooting,Intermediate
J1238,PLC Programming,Beginner
J1239,Microprocessors,Advanced
J1239,Battery Management Systems,Intermediate
J1239,Node.js,Beginner
J1240,Python,Advanced
J1240,Grid Integration,Intermediate
J1240,IoT Sensors,Beginner
J1240,Inventory Management,Advanced
J1241,Data Structures,Advanced
J1241,Electric Powertrain,Advanced
J1241,SCADA,Beginner
J1242,Electric Powertrain,Intermediate
J1242,Predictive Maintenance,Beginner
J1242,Docker,Beginner
J1242,Data Structures,Beginner
J1243,Robotics Troubleshooting,Advanced
J1243,Digital Electronics,Beginner
J1243,SCADA,Intermediate
J1243,Docker,Beginner
J1244,Git,Advanced
J1244,Electric Powertrain,Beginner
J1244,SQL,Advanced
J1244,Microprocessors,Intermediate
J1245,Electric Powertrain,Beginner
J1245,Node.js,Beginner
J1245,Quantum Computing Basics,Beginner
J1245,Machine Learning,Advanced
J1245,Power BI,Intermediate
J1246,IoT Sensors,Intermediate
J1246,Grid Integration,Advanced
J1246,Python,Advanced
J1246,Solar PV Design,Intermediate
J1247,Content Strategy,Advanced
J1247,React,Beginner
J1247,Data Structures,Beginner
J1248,Data Structures,Advanced
J1248,AWS,Intermediate
J1248,IoT Sensors,Intermediate
J1249,Git,Intermediate
J1249,AWS,Beginner
J1249,IoT Sensors,Advanced
J1249,Microprocessors,Advanced
J1249,SCADA,Intermediate
J1250,Microprocessors,Intermediate
J1250,Quantum Computing Basics,Beginner
J1250,FastAPI,Advanced
J1250,Git,Intermediate
J1250,Kubernetes,Advanced
J1251,Kubernetes,Intermediate
J1251,IoT Sensors,Advanced
J1251,Electric Powertrain,Intermediate
J1252,Quantum Computing Basics,Intermediate
J1252,Data Structures,Beginner
J1252,Predictive Maintenance,Intermediate
J1252,Kubernetes,Advanced
J1253,Predictive Maintenance,Intermediate
J1253,Solar PV Design,Advanced
J1253,Machine Learning,Intermediate
J1253,Power BI,Advanced
J1253,Data Structures,Advanced
J1254,Electric Powertrain,Intermediate
J1254,Power BI,Advanced
J1254,Machine Learning,Intermediate
J1254,Robotics Troubleshooting,Intermediate
J1254,Microprocessors,Beginner
J1255,SAP EWM,Advanced
J1255,Power BI,Beginner
J1255,IoT Sensors,Advanced
J1256,Git,Intermediate
J1256,Solar PV Design,Intermediate
J1256,SQL,Advanced
J1256,Microprocessors,Advanced
J1256,Electric Powertrain,Advanced
J1257,React,Beginner
J1257,PLC Programming,Intermediate
J1257,Docker,Intermediate
J1257,Digital Electronics,Intermediate
J1257,AWS,Beginner
J1258,Kubernetes,Beginner
J1258,SAP EWM,Intermediate
J1258,Solar PV Design,Intermediate
J1259,Docker,Beginner
J1259,Power BI,Advanced
J1259,PLC Programming,Intermediate
J1259,Digital Electronics,Beginner
J1260,Inventory Management,Beginner
J1260,Node.js,Advanced
J1260,SEO/SEM,Intermediate
J1261,FastAPI,Advanced
J1261,Microprocessors,Advanced
J1261,Kubernetes,Advanced
J1261,SCADA,Advanced
J1262,Solar PV Design,Beginner
J1262,PLC Programming,Intermediate
J1262,AWS,Beginner
J1262,React,Intermediate
J1262,Docker,Beginner
J1263,Node.js,Beginner
J1263,Quantum Computing Basics,Beginner
J1263,Logistics Analytics,Beginner
J1264,IoT Sensors,Intermediate
J1264,Logistics Analytics,Intermediate
J1264,Inventory Management,Intermediate
J1265,SEO/SEM,Beginner
J1265,Predictive Maintenance,Advanced
J1265,C++,Advanced
J1265,React,Beginner
J1266,Electric Powertrain,Beginner
J1266,Data Structures,Beginner
J1266,Grid Integration,Intermediate
J1267,Grid Integration,Advanced
J1267,Kubernetes,Intermediate
J1267,SQL,Advanced
J1268,AWS,Advanced
J1268,Robotics Troubleshooting,Beginner
J1268,Grid Integration,Advanced
J1268,Git,Advanced
J1268,SCADA,Advanced
J1269,PLC Programming,Beginner
J1269,SAP EWM,Beginner
J1269,Logistics Analytics,Advanced
J1269,Node.js,Intermediate
J1270,SQL,Beginner
J1270,FastAPI,Intermediate
J1270,Logistics Analytics,Intermediate
J1270,Node.js,Beginner
J1270,Power BI,Advanced
J1271,FastAPI,Beginner
J1271,Inventory Management,Advanced
J1271,SEO/SEM,Intermediate
J1271,SAP EWM,Advanced
J1272,IoT Sensors,Beginner
J1272,SAP EWM,Advanced
J1272,C++,Intermediate
J1272,Microprocessors,Intermediate
J1273,Inventory Management,Intermediate
J1273,Node.js,Intermediate
J1273,Docker,Advanced
J1274,React,Advanced
J1274,Microprocessors,Advanced
J1274,Power BI,Intermediate
J1274,SAP EWM,Advanced
J1275,Predictive Maintenance,Intermediate
J1275,Quantum Computing Basics,Intermediate
J1275,Solar PV Design,Beginner
J1275,Inventory Management,Beginner
J1275,SCADA,Intermediate
J1276,Grid Integration,Intermediate
J1276,Data Structures,Intermediate
J1276,Quantum Computing Basics,Intermediate
J1276,PLC Programming,Advanced
J1277,Node.js,Intermediate
J1277,C++,Advanced
J1277,SAP EWM,Intermediate
J1277,SQL,Intermediate
J1278,Content Strategy,Advanced
J1278,C++,Intermediate
J1278,Digital Electronics,Advanced
J1278,PLC Programming,Intermediate
J1279,SCADA,Intermediate
J1279,Logistics Analytics,Intermediate
J1279,Content Strategy,Advanced
J1280,Docker,Beginner
J1280,Grid Integration,Beginner
J1280,Inventory Management,Advanced
J1281,SEO/SEM,Beginner
J1281,PLC Programming,Advanced
J1281,SCADA,Beginner
J1282,Grid Integration,Beginner
J1282,Data Structures,Intermediate
J1282,Git,Beginner
J1282,Node.js,Beginner
J1283,SAP EWM,Beginner
J1283,Content Strategy,Beginner
J1283,React,Advanced
J1283,Logistics Analytics,Beginner
J1283,IoT Sensors,Beginner
J1284,Battery Management Systems,Intermediate
J1284,AWS,Intermediate
J1284,SCADA,Advanced
J1284,C++,Intermediate
J1284,SEO/SEM,Intermediate
J1285,PLC Programming,Advanced
J1285,Electric Powertrain,Advanced
J1285,Git,Advanced
J1286,Python,Advanced
J1286,Docker,Beginner
J1286,Kubernetes,Advanced
J1286,FastAPI,Beginner
J1287,Solar PV Design,Beginner
J1287,Grid Integration,Intermediate
J1287,Predictive Maintenance,Beginner
J1287,SCADA,Beginner
J1288,Kubernetes,Intermediate
J1288,Node.js,Advanced
J1288,Quantum Computing Basics,Advanced
J1288,Machine Learning,Beginner
J1289,Docker,Beginner
J1289,Electric Powertrain,Beginner
J1289,Power BI,Advanced
J1289,Digital Electronics,Beginner
J1289,SQL,Beginner
J1290,Content Strategy,Intermediate
J1290,Logistics Analytics,Intermediate
J1290,C++,Advanced
J1290,PLC Programming,Beginner
J1290,Data Structures,Beginner
J1291,SCADA,Advanced
J1291,Kubernetes,Beginner
J1291,C++,Beginner
J1291,Solar PV Design,Intermediate
J1291,Quantum Computing Basics,Intermediate
J1292,Microprocessors,Beginner
J1292,Data Structures,Intermediate
J1292,Battery Management Systems,Intermediate
J1293,SEO/SEM,Intermediate
J1293,Inventory Management,Advanced
J1293,Git,Beginner
J1293,SAP EWM,Beginner
J1294,Node.js,Intermediate
J1294,Predictive Maintenance,Intermediate
J1294,SEO/SEM,Advanced
J1294,PLC Programming,Advanced
J1295,Inventory Management,Intermediate
J1295,PLC Programming,Advanced
J1295,Python,Advanced
J1295,Solar PV Design,Advanced
J1296,Solar PV Design,Intermediate
J1296,Microprocessors,Beginner
J1296,Inventory Management,Advanced
J1296,Quantum Computing Basics,Beginner
J1297,Digital Electronics,Beginner
J1297,IoT Sensors,Beginner
J1297,Git,Intermediate
J1297,React,Advanced
J1297,Microprocessors,Intermediate
J1298,React,Advanced
J1298,Node.js,Beginner
J1298,C++,Advanced
J1298,Grid Integration,Beginner
J1298,Logistics Analytics,Intermediate
J1299,IoT Sensors,Intermediate
J1299,Quantum Computing Basics,Beginner
J1299,Digital Electronics,Intermediate
J1300,Electric Powertrain,Advanced
J1300,Logistics Analytics,Intermediate
J1300,Quantum Computing Basics,Beginner
J1300,Content Strategy,Advanced
J1301,Machine Learning,Beginner
J1301,Predictive Maintenance,Advanced
J1301,Electric Powertrain,Beginner
J1302,C++,Advanced
J1302,IoT Sensors,Advanced
J1302,Node.js,Intermediate
J1302,Digital Electronics,Beginner
J1303,Quantum Computing Basics,Advanced
J1303,SQL,Advanced
J1303,Electric Powertrain,Beginner
J1303,PLC Programming,Beginner
J1303,C++,Beginner
J1304,Digital Electronics,Beginner
J1304,Data Structures,Intermediate
J1304,Logistics Analytics,Intermediate
J1305,FastAPI,Advanced
J1305,Docker,Intermediate
J1305,Data Structures,Advanced
J1305,PLC Programming,Advanced
J1305,Power BI,Advanced
J1306,PLC Programming,Advanced
J1306,Battery Management Systems,Intermediate
J1306,Grid Integration,Intermediate
J1306,React,Beginner
J1306,Robotics Troubleshooting,Beginner
J1307,Quantum Computing Basics,Intermediate
J1307,Solar PV Design,Intermediate
J1307,Inventory Management,Intermediate
J1307,Node.js,Advanced
J1307,Battery Management Systems,Advanced
J1308,C++,Advanced
J1308,Digital Electronics,Advanced
J1308,Git,Advanced
J1308,Content Strategy,Advanced
J1309,Grid Integration,Beginner
J1309,Docker,Intermediate
J1309,Quantum Computing Basics,Intermediate
J1309,Content Strategy,Beginner
J1309,PLC Programming,Advanced
J1310,Quantum Computing Basics,Advanced
J1310,Kubernetes,Beginner
J1310,SCADA,Beginner
J1311,Quantum Computing Basics,Advanced
J1311,FastAPI,Advanced
J1311,C++,Advanced
J1311,AWS,Advanced
J1311,Python,Intermediate
J1312,Inventory Management,Advanced
J1312,FastAPI,Intermediate
J1312,Microprocessors,Beginner
J1312,Docker,Advanced
J1313,Grid Integration,Intermediate
J1313,Git,Advanced
J1313,Microprocessors,Intermediate
J1314,Electric Powertrain,Beginner
J1314,SQL,Intermediate
J1314,SAP EWM,Advanced
J1315,Grid Integration,Intermediate
J1315,Node.js,Intermediate
J1315,Digital Electronics,Intermediate
J1315,React,Beginner
J1316,PLC Programming,Advanced
J1316,React,Advanced
J1316,Robotics Troubleshooting,Beginner
J1317,PLC Programming,Advanced
J1317,Grid Integration,Advanced
J1317,Node.js,Beginner
J1317,Battery Management Systems,Advanced
J1317,Digital Electronics,Intermediate
J1318,IoT Sensors,Advanced
J1318,Python,Intermediate
J1318,SQL,Beginner
J1318,AWS,Beginner
J1319,Digital Electronics,Advanced
J1319,Power BI,Advanced
J1319,Grid Integration,Advanced
J1319,C++,Advanced
J1320,Electric Powertrain,Advanced
J1320,PLC Programming,Beginner
J1320,FastAPI,Beginner
J1321,Kubernetes,Advanced
J1321,Digital Electronics,Intermediate
J1321,Content Strategy,Intermediate
J1321,SAP EWM,Intermediate
J1321,Grid Integration,Beginner
J1322,Power BI,Beginner
J1322,Battery Management Systems,Advanced
J1322,Robotics Troubleshooting,Advanced
J1322,Grid Integration,Advanced
J1322,Docker,Beginner
J1323,SCADA,Intermediate
J1323,Logistics Analytics,Advanced
J1323,FastAPI,Beginner
J1323,Power BI,Beginner
J1324,Quantum Computing Basics,Beginner
J1324,Inventory Management,Beginner
J1324,Grid Integration,Intermediate
J1325,FastAPI,Advanced
J1325,Docker,Advanced
J1325,SQL,Beginner
J1325,Data Structures,Intermediate
J1326,Grid Integration,Advanced
J1326,Digital Electronics,Advanced
J1326,Data Structures,Intermediate
J1327,AWS,Intermediate
J1327,PLC Programming,Beginner
J1327,Machine Learning,Beginner
J1327,Predictive Maintenance,Intermediate
J1327,FastAPI,Beginner
J1328,Power BI,Beginner
J1328,Solar PV Design,Advanced
J1328,Quantum Computing Basics,Intermediate
J1328,SEO/SEM,Beginner
J1328,IoT Sensors,Beginner
J1329,Inventory Management,Beginner
J1329,Logistics Analytics,Beginner
J1329,Solar PV Design,Advanced
J1330,Content Strategy,Beginner
J1330,Node.js,Beginner
J1330,SAP EWM,Intermediate
J1331,Content Strategy,Advanced
J1331,Machine Learning,Intermediate
J1331,Git,Beginner
J1331,Data Structures,Advanced
J1331,Node.js,Intermediate
J1332,Content Strategy,Intermediate
J1332,SCADA,Beginner
J1332,Grid Integration,Intermediate
J1333,SEO/SEM,Advanced
J1333,Data Structures,Beginner
J1333,React,Advanced
J1333,Grid Integration,Beginner
J1334,Predictive Maintenance,Intermediate
J1334,Kubernetes,Beginner
J1334,FastAPI,Intermediate
J1334,Quantum Computing Basics,Intermediate
J1334,Logistics Analytics,Beginner
J1335,Git,Beginner
J1335,Predictive Maintenance,Beginner
J1335,AWS,Intermediate
J1335,Inventory Management,Advanced
J1336,C++,Advanced
J1336,Logistics Analytics,Intermediate
J1336,Solar PV Design,Beginner
J1337,React,Advanced
J1337,Content Strategy,Advanced
J1337,IoT Sensors,Advanced
J1338,Content Strategy,Advanced
J1338,Grid Integration,Beginner
J1338,Microprocessors,Advanced
J1338,SEO/SEM,Intermediate
J1338,Git,Beginner
J1339,Python,Advanced
J1339,Predictive Maintenance,Advanced
J1339,PLC Programming,Intermediate
J1339,SCADA,Intermediate
J1340,SCADA,Intermediate
J1340,Machine Learning,Intermediate
J1340,React,Advanced
J1341,SAP EWM,Intermediate
J1341,SQL,Beginner
J1341,Robotics Troubleshooting,Intermediate
J1341,Docker,Intermediate
J1342,C++,Beginner
J1342,Digital Electronics,Advanced
J1342,FastAPI,Intermediate
J1342,Logistics Analytics,Beginner
J1342,Electric Powertrain,Intermediate
J1343,Git,Beginner
J1343,IoT Sensors,Beginner
J1343,SEO/SEM,Advanced
J1343,Electric Powertrain,Intermediate
J1344,Microprocessors,Beginner
J1344,Power BI,Intermediate
J1344,Data Structures,Beginner
J1345,FastAPI,Advanced
J1345,Microprocessors,Beginner
J1345,Docker,Advanced
J1345,Electric Powertrain,Advanced
J1345,Robotics Troubleshooting,Advanced
J1346,Inventory Management,Beginner
J1346,Python,Intermediate
J1346,SQL,Beginner
J1347,Kubernetes,Beginner
J1347,Content Strategy,Advanced
J1347,Battery Management Systems,Advanced
J1347,Power BI,Intermediate
J1348,C++,Beginner
J1348,Git,Beginner
J1348,SAP EWM,Intermediate
J1349,Battery Management Systems,Advanced
J1349,C++,Intermediate
J1349,Node.js,Intermediate
J1349,Docker,Beginner
J1350,AWS,Beginner
J1350,C++,Intermediate
J1350,Git,Beginner
J1351,Kubernetes,Advanced
J1351,FastAPI,Advanced
J1351,AWS,Beginner
J1351,Solar PV Design,Advanced
J1352,Electric Powertrain,Intermediate
J1352,Solar PV Design,Beginner
J1352,Data Structures,Beginner
J1352,Power BI,Advanced
J1352,Content Strategy,Advanced
J1353,Git,Beginner
J1353,Kubernetes,Advanced
J1353,Docker,Beginner
J1353,SQL,Advanced
J1353,Robotics Troubleshooting,Advanced
J1354,FastAPI,Intermediate
J1354,SEO/SEM,Beginner
J1354,SCADA,Intermediate
J1354,Grid Integration,Intermediate
J1355,Quantum Computing Basics,Beginner
J1355,SQL,Intermediate
J1355,SEO/SEM,Beginner
J1356,Node.js,Beginner
J1356,AWS,Advanced
J1356,SCADA,Intermediate
J1357,PLC Programming,Beginner
J1357,Docker,Advanced
J1357,SAP EWM,Beginner
J1358,Predictive Maintenance,Beginner
J1358,React,Beginner
J1358,C++,Beginner
J1358,AWS,Intermediate
J1359,AWS,Advanced
J1359,Content Strategy,Advanced
J1359,Digital Electronics,Advanced
J1359,SAP EWM,Advanced
J1360,Python,Advanced
J1360,IoT Sensors,Beginner
J1360,Robotics Troubleshooting,Beginner
J1361,Battery Management Systems,Beginner
J1361,Logistics Analytics,Beginner
J1361,AWS,Beginner
J1361,Robotics Troubleshooting,Beginner
J1361,Kubernetes,Intermediate
J1362,Battery Management Systems,Intermediate
J1362,Solar PV Design,Intermediate
J1362,React,Beginner
J1362,Robotics Troubleshooting,Beginner
J1362,Electric Powertrain,Advanced
J1363,Machine Learning,Advanced
J1363,Content Strategy,Advanced
J1363,Kubernetes,Beginner
J1364,IoT Sensors,Beginner
J1364,SEO/SEM,Beginner
J1364,Inventory Management,Intermediate
J1364,Microprocessors,Intermediate
J1364,Solar PV Design,Advanced
J1365,Node.js,Advanced
J1365,AWS,Beginner
J1365,Solar PV Design,Advanced
J1365,Predictive Maintenance,Advanced
J1365,Inventory Management,Intermediate
J1366,Quantum Computing Basics,Beginner
J1366,React,Beginner
J1366,Power BI,Advanced
J1366,Electric Powertrain,Advanced
J1367,SQL,Intermediate
J1367,Node.js,Beginner
J1367,Solar PV Design,Advanced
J1368,IoT Sensors,Beginner
J1368,Battery Management Systems,Intermediate
J1368,React,Advanced
J1368,PLC Programming,Beginner
J1368,SAP EWM,Beginner
J1369,Quantum Computing Basics,Beginner
J1369,SEO/SEM,Intermediate
J1369,Git,Beginner
J1370,Digital Electronics,Beginner
J1370,C++,Intermediate
J1370,Data Structures,Intermediate
J1370,Python,Intermediate
J1371,PLC Programming,Intermediate
J1371,Content Strategy,Intermediate
J1371,Machine Learning,Beginner
J1371,Robotics Troubleshooting,Beginner
J1372,Kubernetes,Beginner
J1372,Quantum Computing Basics,Advanced
J1372,SEO/SEM,Beginner
J1372,Content Strategy,Intermediate
J1372,Git,Advanced
J1373,Machine Learning,Advanced
J1373,Kubernetes,Intermediate
J1373,React,Beginner
J1373,IoT Sensors,Advanced
J1373,PLC Programming,Intermediate
J1374,Electric Powertrain,Intermediate
J1374,Data Structures,Beginner
J1374,Logistics Analytics,Intermediate
J1374,Microprocessors,Beginner
J1374,Quantum Computing Basics,Beginner
J1375,Robotics Troubleshooting,Advanced
J1375,C++,Advanced
J1375,SQL,Beginner
J1376,AWS,Intermediate
J1376,Python,Intermediate
J1376,Machine Learning,Advanced
J1376,Node.js,Intermediate
J1377,Docker,Beginner
J1377,SAP EWM,Intermediate
J1377,SEO/SEM,Intermediate
J1377,Digital Electronics,Advanced
J1377,PLC Programming,Intermediate
J1378,Node.js,Intermediate
J1378,SAP EWM,Intermediate
J1378,Machine Learning,Intermediate
J1378,Python,Intermediate
J1379,SCADA,Intermediate
J1379,PLC Programming,Intermediate
J1379,Solar PV Design,Advanced
J1380,SQL,Intermediate
J1380,Electric Powertrain,Beginner
J1380,Python,Beginner
J1380,IoT Sensors,Advanced
J1381,Kubernetes,Intermediate
J1381,SQL,Beginner
J1381,Quantum Computing Basics,Beginner
J1381,Docker,Beginner
J1381,Python,Beginner
J1382,SEO/SEM,Advanced
J1382,SAP EWM,Beginner
J1382,Microprocessors,Advanced
J1383,Machine Learning,Intermediate
J1383,C++,Intermediate
J1383,Power BI,Advanced
J1383,PLC Programming,Beginner
J1383,Python,Intermediate
J1384,IoT Sensors,Intermediate
J1384,Python,Beginner
J1384,Predictive Maintenance,Advanced
J1384,Quantum Computing Basics,Advanced
J1385,Microprocessors,Beginner
J1385,Digital Electronics,Intermediate
J1385,Git,Intermediate
J1386,Git,Beginner
J1386,Predictive Maintenance,Intermediate
J1386,AWS,Intermediate
J1387,Electric Powertrain,Beginner
J1387,Solar PV Design,Advanced
J1387,Machine Learning,Intermediate
J1387,Battery Management Systems,Advanced
J1388,FastAPI,Intermediate
J1388,Git,Advanced
J1388,Predictive Maintenance,Beginner
J1388,Node.js,Advanced
J1388,Data Structures,Beginner
J1389,React,Advanced
J1389,Docker,Advanced
J1389,Power BI,Beginner
J1389,Python,Beginner
J1389,C++,Beginner
J1390,IoT Sensors,Intermediate
J1390,Robotics Troubleshooting,Beginner
J1390,Data Structures,Beginner
J1390,FastAPI,Advanced
J1390,React,Advanced
J1391,Electric Powertrain,Intermediate
J1391,Digital Electronics,Advanced
J1391,Machine Learning,Intermediate
J1392,SQL,Beginner
J1392,IoT Sensors,Advanced
J1392,Kubernetes,Intermediate
J1392,Solar PV Design,Advanced
J1392,C++,Intermediate
J1393,Python,Beginner
J1393,Solar PV Design,Beginner
J1393,Electric Powertrain,Beginner
J1393,Quantum Computing Basics,Beginner
J1394,Kubernetes,Advanced
J1394,Python,Beginner
J1394,Git,Advanced
J1394,FastAPI,Intermediate
J1394,React,Intermediate
J1395,Grid Integration,Beginner
J1395,SQL,Intermediate
J1395,Python,Beginner
J1395,Git,Intermediate
J1396,SEO/SEM,Advanced
J1396,React,Beginner
J1396,Power BI,Advanced
J1396,SCADA,Beginner
J1397,Inventory Management,Intermediate
J1397,PLC Programming,Intermediate
J1397,SCADA,Intermediate
J1398,SEO/SEM,Beginner
J1398,AWS,Advanced
J1398,Predictive Maintenance,Advanced
J1398,Quantum Computing Basics,Beginner
J1399,Grid Integration,Intermediate
J1399,Kubernetes,Advanced
J1399,Battery Management Systems,Advanced
J1400,FastAPI,Intermediate
J1400,Battery Management Systems,Advanced
J1400,SAP EWM,Advanced
J1400,Solar PV Design,Intermediate
J1401,Electric Powertrain,Advanced
J1401,Solar PV Design,Intermediate
J1401,SAP EWM,Beginner
J1402,IoT Sensors,Advanced
J1402,AWS,Intermediate
J1402,Battery Management Systems,Beginner
J1402,SAP EWM,Beginner
J1402,Docker,Advanced
J1403,PLC Programming,Advanced
J1403,Battery Management Systems,Beginner
J1403,Predictive Maintenance,Beginner
J1404,Git,Advanced
J1404,Inventory Management,Advanced
J1404,Microprocessors,Advanced
J1405,Solar PV Design,Advanced
J1405,IoT Sensors,Beginner
J1405,SAP EWM,Intermediate
J1406,SQL,Advanced
J1406,Git,Beginner
J1406,Digital Electronics,Advanced
J1406,Microprocessors,Beginner
J1406,Content Strategy,Beginner
J1407,Grid Integration,Advanced
J1407,Machine Learning,Beginner
J1407,SQL,Advanced
J1407,Data Structures,Advanced
J1407,Git,Beginner
J1408,FastAPI,Advanced
J1408,Quantum Computing Basics,Advanced
J1408,Node.js,Intermediate
J1408,PLC Programming,Intermediate
J1409,Predictive Maintenance,Beginner
J1409,AWS,Beginner
J1409,Data Structures,Intermediate
J1410,Kubernetes,Beginner
J1410,Power BI,Advanced
J1410,SCADA,Intermediate
J1411,Grid Integration,Intermediate
J1411,Content Strategy,Beginner
J1411,Node.js,Beginner
J1412,Kubernetes,Beginner
J1412,Docker,Advanced
J1412,Battery Management Systems,Advanced
J1412,Inventory Management,Intermediate
J1413,Logistics Analytics,Beginner
J1413,SAP EWM,Intermediate
J1413,Robotics Troubleshooting,Intermediate
J1413,Content Strategy,Advanced
J1413,Git,Advanced
J1414,Solar PV Design,Beginner
J1414,Machine Learning,Intermediate
J1414,Battery Management Systems,Beginner
J1414,Grid Integration,Intermediate
J1414,Electric Powertrain,Beginner
J1415,Python,Advanced
J1415,Machine Learning,Advanced
J1415,Power BI,Intermediate
J1415,React,Advanced
J1416,Quantum Computing Basics,Beginner
J1416,SEO/SEM,Beginner
J1416,Node.js,Beginner
J1417,Robotics Troubleshooting,Advanced
J1417,React,Intermediate
J1417,Battery Management Systems,Intermediate
J1417,FastAPI,Intermediate
J1417,C++,Advanced
J1418,IoT Sensors,Intermediate
J1418,C++,Advanced
J1418,Inventory Management,Beginner
J1419,Grid Integration,Beginner
J1419,Battery Management Systems,Intermediate
J1419,AWS,Advanced
J1420,FastAPI,Beginner
J1420,Kubernetes,Intermediate
J1420,Python,Advanced
J1420,Power BI,Beginner
J1420,Docker,Advanced
J1421,IoT Sensors,Beginner
J1421,Quantum Computing Basics,Beginner
J1421,FastAPI,Intermediate
J1421,Inventory Management,Beginner
J1421,Content Strategy,Beginner
J1422,PLC Programming,Intermediate
J1422,IoT Sensors,Beginner
J1422,Quantum Computing Basics,Beginner
J1423,Machine Learning,Intermediate
J1423,Content Strategy,Advanced
J1423,Grid Integration,Advanced
J1423,Predictive Maintenance,Advanced
J1424,Node.js,Advanced
J1424,Kubernetes,Advanced
J1424,Solar PV Design,Advanced
J1425,Content Strategy,Beginner
J1425,Digital Electronics,Advanced
J1425,C++,Advanced
J1425,Solar PV Design,Advanced
J1425,Predictive Maintenance,Intermediate
J1426,C++,Beginner
J1426,Docker,Beginner
J1426,Kubernetes,Beginner
J1426,Data Structures,Beginner
J1426,Git,Intermediate
J1427,Quantum Computing Basics,Beginner
J1427,Grid Integration,Beginner
J1427,Solar PV Design,Beginner
J1427,Microprocessors,Advanced
J1427,FastAPI,Intermediate
J1428,Robotics Troubleshooting,Intermediate
J1428,Content Strategy,Intermediate
J1428,AWS,Advanced
J1429,AWS,Advanced
J1429,Node.js,Beginner
J1429,Git,Intermediate
J1429,Content Strategy,Intermediate
J1430,Power BI,Intermediate
J1430,IoT Sensors,Beginner
J1430,SAP EWM,Intermediate
J1430,Electric Powertrain,Intermediate
J1431,Battery Management Systems,Beginner
J1431,Digital Electronics,Beginner
J1431,Python,Advanced
J1431,Kubernetes,Advanced
J1431,React,Intermediate
J1432,SQL,Advanced
J1432,IoT Sensors,Beginner
J1432,Inventory Management,Beginner
J1432,FastAPI,Beginner
J1432,Node.js,Beginner
J1433,Solar PV Design,Intermediate
J1433,IoT Sensors,Beginner
J1433,Grid Integration,Beginner
J1433,Kubernetes,Intermediate
J1433,PLC Programming,Advanced
J1434,SEO/SEM,Intermediate
J1434,Data Structures,Advanced
J1434,Solar PV Design,Advanced
J1434,Power BI,Intermediate
J1435,AWS,Intermediate
J1435,Microprocessors,Intermediate
J1435,Git,Intermediate
J1435,Node.js,Intermediate
J1436,C++,Intermediate
J1436,Predictive Maintenance,Beginner
J1436,Docker,Intermediate
J1436,Quantum Computing Basics,Beginner
J1436,AWS,Advanced
J1437,SEO/SEM,Advanced
J1437,FastAPI,Intermediate
J1437,Git,Intermediate
J1437,Kubernetes,Advanced
J1437,Inventory Management,Beginner
J1438,Logistics Analytics,Advanced
J1438,Node.js,Advanced
J1438,Data Structures,Beginner
J1439,Robotics Troubleshooting,Intermediate
J1439,Kubernetes,Advanced
J1439,React,Advanced
J1440,AWS,Intermediate
J1440,SCADA,Advanced
J1440,Machine Learning,Advanced
J1440,Solar PV Design,Advanced
J1440,Docker,Advanced
J1441,Docker,Advanced
J1441,AWS,Beginner
J1441,Grid Integration,Beginner
J1441,Quantum Computing Basics,Advanced
J1441,Data Structures,Intermediate
J1442,Data Structures,Beginner
J1442,AWS,Advanced
J1442,Inventory Management,Beginner
J1443,Git,Beginner
J1443,SCADA,Advanced
J1443,Kubernetes,Intermediate
J1443,Inventory Management,Advanced
J1444,Digital Electronics,Beginner
J1444,Python,Beginner
J1444,Grid Integration,Intermediate
J1444,Predictive Maintenance,Intermediate
J1444,React,Advanced
J1445,Content Strategy,Beginner
J1445,SEO/SEM,Advanced
J1445,Digital Electronics,Advanced
J1445,FastAPI,Advanced
J1445,Grid Integration,Advanced
J1446,Battery Management Systems,Intermediate
J1446,React,Advanced
J1446,Logistics Analytics,Beginner
J1446,Electric Powertrain,Advanced
J1447,Predictive Maintenance,Beginner
J1447,SCADA,Intermediate
J1447,Grid Integration,Beginner
J1447,IoT Sensors,Advanced
J1447,PLC Programming,Beginner
J1448,Microprocessors,Advanced
J1448,SQL,Intermediate
J1448,Digital Electronics,Intermediate
J1448,SAP EWM,Beginner
J1449,Battery Management Systems,Intermediate
J1449,React,Beginner
J1449,Logistics Analytics,Intermediate
J1449,Quantum Computing Basics,Beginner
J1450,SEO/SEM,Advanced
J1450,SQL,Advanced
J1450,Predictive Maintenance,Advanced
J1450,Content Strategy,Advanced
J1450,Node.js,Beginner
J1451,Logistics Analytics,Beginner
J1451,React,Beginner
J1451,FastAPI,Intermediate
J1451,Kubernetes,Advanced
J1451,Robotics Troubleshooting,Intermediate
J1452,SQL,Intermediate
J1452,C++,Advanced
J1452,FastAPI,Beginner
J1452,IoT Sensors,Beginner
J1452,SAP EWM,Advanced
J1453,Content Strategy,Beginner
J1453,SQL,Intermediate
J1453,IoT Sensors,Intermediate
J1453,Git,Advanced
J1454,Node.js,Intermediate
J1454,IoT Sensors,Beginner
J1454,Inventory Management,Advanced
J1454,Robotics Troubleshooting,Advanced
J1455,SQL,Advanced
J1455,PLC Programming,Beginner
J1455,Data Structures,Advanced
J1455,React,Beginner
J1455,Git,Advanced
J1456,React,Intermediate
J1456,FastAPI,Advanced
J1456,Inventory Management,Intermediate
J1456,Microprocessors,Intermediate
J1456,Data Structures,Beginner
J1457,Grid Integration,Beginner
J1457,Git,Advanced
J1457,React,Intermediate
J1457,SCADA,Advanced
J1457,Quantum Computing Basics,Beginner
J1458,Digital Electronics,Beginner
J1458,Predictive Maintenance,Intermediate
J1458,Git,Beginner
J1459,IoT Sensors,Intermediate
J1459,Robotics Troubleshooting,Intermediate
J1459,AWS,Intermediate
J1460,PLC Programming,Beginner
J1460,React,Intermediate
J1460,Robotics Troubleshooting,Beginner
J1460,Solar PV Design,Intermediate
J1460,Git,Advanced
J1461,Git,Advanced
J1461,Logistics Analytics,Beginner
J1461,FastAPI,Intermediate
J1461,Robotics Troubleshooting,Advanced
J1461,AWS,Advanced
J1462,Content Strategy,Beginner
J1462,Quantum Computing Basics,Advanced
J1462,Git,Intermediate
J1462,Kubernetes,Beginner
J1462,AWS,Intermediate
J1463,Python,Advanced
J1463,Git,Beginner
J1463,SCADA,Advanced
J1463,Node.js,Intermediate
J1464,SEO/SEM,Advanced
J1464,Quantum Computing Basics,Advanced
J1464,IoT Sensors,Intermediate
J1465,Content Strategy,Intermediate
J1465,Node.js,Advanced
J1465,SCADA,Advanced
J1465,Robotics Troubleshooting,Intermediate
J1466,Docker,Beginner
J1466,React,Intermediate
J1466,PLC Programming,Advanced
J1466,C++,Beginner
J1467,C++,Advanced
J1467,Grid Integration,Beginner
J1467,Microprocessors,Intermediate
J1467,Predictive Maintenance,Beginner
J1468,Electric Powertrain,Advanced
J1468,Inventory Management,Intermediate
J1468,SQL,Intermediate
J1468,Machine Learning,Beginner
J1468,React,Intermediate
J1469,Git,Advanced
J1469,Solar PV Design,Beginner
J1469,SQL,Advanced
J1469,Data Structures,Advanced
J1470,SEO/SEM,Beginner
J1470,SCADA,Advanced
J1470,Node.js,Advanced
J1470,Electric Powertrain,Advanced
J1471,FastAPI,Intermediate
J1471,React,Advanced
J1471,Content Strategy,Intermediate
J1472,Solar PV Design,Advanced
J1472,Machine Learning,Beginner
J1472,Quantum Computing Basics,Intermediate
J1472,FastAPI,Intermediate
J1472,Microprocessors,Beginner
J1473,SCADA,Beginner
J1473,IoT Sensors,Beginner
J1473,Predictive Maintenance,Beginner
J1473,Electric Powertrain,Beginner
J1474,FastAPI,Beginner
J1474,Electric Powertrain,Beginner
J1474,Inventory Management,Intermediate
J1474,Microprocessors,Advanced
J1475,Quantum Computing Basics,Advanced
J1475,Machine Learning,Advanced
J1475,React,Beginner
J1476,Quantum Computing Basics,Advanced
J1476,FastAPI,Advanced
J1476,Python,Advanced
J1476,Data Structures,Advanced
J1477,Microprocessors,Beginner
J1477,Python,Intermediate
J1477,SAP EWM,Intermediate
J1478,SEO/SEM,Beginner
J1478,React,Advanced
J1478,Data Structures,Advanced
J1478,Logistics Analytics,Beginner
J1479,FastAPI,Intermediate
J1479,AWS,Beginner
J1479,SQL,Advanced
J1479,Microprocessors,Advanced
J1479,Kubernetes,Beginner
J1480,SQL,Intermediate
J1480,Quantum Computing Basics,Beginner
J1480,React,Beginner
J1480,Robotics Troubleshooting,Intermediate
J1480,Git,Intermediate
J1481,Git,Advanced
J1481,Robotics Troubleshooting,Advanced
J1481,Predictive Maintenance,Beginner
J1482,AWS,Advanced
J1482,Power BI,Intermediate
J1482,SCADA,Advanced
J1482,Battery Management Systems,Beginner
J1482,Machine Learning,Intermediate
J1483,Logistics Analytics,Intermediate
J1483,SCADA,Intermediate
J1483,SAP EWM,Beginner
J1483,Robotics Troubleshooting,Beginner
J1483,FastAPI,Beginner
J1484,SQL,Beginner
J1484,SCADA,Beginner
J1484,Quantum Computing Basics,Intermediate
J1484,Electric Powertrain,Advanced
J1484,IoT Sensors,Beginner
J1485,SCADA,Intermediate
J1485,Solar PV Design,Intermediate
J1485,Grid Integration,Intermediate
J1485,Content Strategy,Beginner
J1485,Quantum Computing Basics,Beginner
J1486,Git,Advanced
J1486,Python,Beginner
J1486,AWS,Beginner
J1487,Node.js,Advanced
J1487,C++,Beginner
J1487,Predictive Maintenance,Intermediate
J1487,SEO/SEM,Intermediate
J1488,Inventory Management,Beginner
J1488,Solar PV Design,Intermediate
J1488,Robotics Troubleshooting,Advanced
J1488,Power BI,Advanced
J1489,SAP EWM,Beginner
J1489,Predictive Maintenance,Advanced
J1489,AWS,Beginner
J1489,Microprocessors,Advanced
J1490,Git,Intermediate
J1490,IoT Sensors,Advanced
J1490,Grid Integration,Beginner
J1490,Docker,Intermediate
J1491,Solar PV Design,Beginner
J1491,Quantum Computing Basics,Beginner
J1491,SCADA,Beginner
J1491,Robotics Troubleshooting,Advanced
J1492,SCADA,Advanced
J1492,Predictive Maintenance,Beginner
J1492,SEO/SEM,Advanced
J1492,Digital Electronics,Advanced
J1493,SAP EWM,Advanced
J1493,Git,Intermediate
J1493,Data Structures,Advanced
J1493,Quantum Computing Basics,Intermediate
J1494,Kubernetes,Intermediate
J1494,Predictive Maintenance,Advanced
J1494,AWS,Advanced
J1494,Solar PV Design,Beginner
J1494,React,Intermediate
J1495,React,Intermediate
J1495,Python,Advanced
J1495,Solar PV Design,Advanced
J1495,Node.js,Intermediate
J1495,Power BI,Advanced
J1496,Robotics Troubleshooting,Advanced
J1496,Python,Advanced
J1496,FastAPI,Beginner
J1496,Microprocessors,Beginner
J1497,Grid Integration,Intermediate
J1497,Node.js,Beginner
J1497,Python,Beginner
J1498,Machine Learning,Advanced
J1498,Grid Integration,Intermediate
J1498,Git,Advanced
J1498,SEO/SEM,Beginner
J1499,Solar PV Design,Intermediate
J1499,C++,Advanced
J1499,Kubernetes,Beginner
J1499,SCADA,Intermediate
J1499,Electric Powertrain,Intermediate
J1500,Quantum Computing Basics,Advanced
J1500,Battery Management Systems,Intermediate
J1500,Digital Electronics,Advanced
J1501,React,Advanced
J1501,Inventory Management,Beginner
J1501,Battery Management Systems,Beginner
J1502,FastAPI,Advanced
J1502,C++,Advanced
J1502,Content Strategy,Beginner
J1502,Docker,Intermediate
J1503,Machine Learning,Intermediate
J1503,Predictive Maintenance,Beginner
J1503,C++,Beginner
J1504,Inventory Management,Advanced
J1504,Microprocessors,Advanced
J1504,Digital Electronics,Intermediate
J1504,Content Strategy,Advanced
J1504,Solar PV Design,Intermediate
J1505,SAP EWM,Advanced
J1505,Kubernetes,Advanced
J1505,SCADA,Advanced
J1505,Quantum Computing Basics,Advanced
J1505,Inventory Management,Advanced
J1506,Content Strategy,Beginner
J1506,Git,Intermediate
J1506,FastAPI,Advanced
J1507,SAP EWM,Intermediate
J1507,Battery Management Systems,Beginner
J1507,Digital Electronics,Intermediate
J1508,SEO/SEM,Intermediate
J1508,PLC Programming,Beginner
J1508,Digital Electronics,Advanced
J1509,Quantum Computing Basics,Advanced
J1509,FastAPI,Intermediate
J1509,Grid Integration,Advanced
J1509,Git,Intermediate
J1510,Battery Management Systems,Beginner
J1510,Node.js,Intermediate
J1510,IoT Sensors,Beginner
J1510,Machine Learning,Advanced
J1511,Logistics Analytics,Advanced
J1511,Git,Beginner
J1511,Content Strategy,Beginner
J1512,SAP EWM,Advanced
J1512,PLC Programming,Beginner
J1512,Python,Intermediate
J1512,Quantum Computing Basics,Intermediate
J1512,Grid Integration,Advanced
J1513,Electric Powertrain,Advanced
J1513,Docker,Advanced
J1513,SEO/SEM,Intermediate
J1514,React,Intermediate
J1514,FastAPI,Intermediate
J1514,Digital Electronics,Beginner
J1514,Python,Advanced
J1515,Python,Intermediate
J1515,Git,Advanced
J1515,PLC Programming,Beginner
J1515,Machine Learning,Beginner
J1516,Electric Powertrain,Beginner
J1516,React,Beginner
J1516,Content Strategy,Advanced
J1516,PLC Programming,Intermediate
J1517,Predictive Maintenance,Advanced
J1517,SEO/SEM,Advanced
J1517,Node.js,Advanced
J1517,SCADA,Beginner
J1518,Solar PV Design,Advanced
J1518,Battery Management Systems,Intermediate
J1518,Predictive Maintenance,Advanced
J1518,Electric Powertrain,Advanced
J1519,React,Intermediate
J1519,SEO/SEM,Advanced
J1519,Robotics Troubleshooting,Intermediate
J1519,Solar PV Design,Advanced
J1520,React,Intermediate
J1520,SAP EWM,Beginner
J1520,Microprocessors,Advanced
J1520,Power BI,Intermediate
J1521,Robotics Troubleshooting,Beginner
J1521,IoT Sensors,Intermediate
J1521,PLC Programming,Intermediate
J1521,React,Beginner
J1522,Node.js,Beginner
J1522,Predictive Maintenance,Intermediate
J1522,Digital Electronics,Intermediate
J1522,Battery Management Systems,Beginner
J1523,Python,Intermediate
J1523,SAP EWM,Beginner
J1523,Power BI,Intermediate
J1523,C++,Beginner
J1524,Kubernetes,Beginner
J1524,SQL,Intermediate
J1524,Content Strategy,Advanced
J1525,Machine Learning,Advanced
J1525,Digital Electronics,Beginner
J1525,Electric Powertrain,Advanced
J1525,Inventory Management,Intermediate
J1526,FastAPI,Beginner
J1526,React,Beginner
J1526,Inventory Management,Advanced
J1526,PLC Programming,Advanced
J1527,SCADA,Intermediate
J1527,Electric Powertrain,Advanced
J1527,Data Structures,Advanced
J1528,Logistics Analytics,Advanced
J1528,Electric Powertrain,Beginner
J1528,SQL,Intermediate
J1528,Grid Integration,Intermediate
J1528,Kubernetes,Beginner
J1529,Content Strategy,Beginner
J1529,SQL,Intermediate
J1529,IoT Sensors,Advanced
J1529,SCADA,Intermediate
J1530,Predictive Maintenance,Advanced
J1530,Inventory Management,Intermediate
J1530,Robotics Troubleshooting,Advanced
J1530,IoT Sensors,Advanced
J1530,Logistics Analytics,Beginner
J1531,Microprocessors,Intermediate
J1531,Inventory Management,Beginner
J1531,Quantum Computing Basics,Beginner
J1532,Grid Integration,Advanced
J1532,Robotics Troubleshooting,Advanced
J1532,C++,Advanced
J1532,React,Intermediate
J1533,Machine Learning,Beginner
J1533,SQL,Beginner
J1533,Battery Management Systems,Advanced
J1533,Data Structures,Intermediate
J1533,IoT Sensors,Beginner
J1534,Predictive Maintenance,Intermediate
J1534,Electric Powertrain,Advanced
J1534,Machine Learning,Intermediate
J1534,Data Structures,Intermediate
J1534,Node.js,Advanced
J1535,AWS,Advanced
J1535,SAP EWM,Advanced
J1535,Git,Intermediate
J1535,Logistics Analytics,Advanced
J1535,Electric Powertrain,Advanced
J1536,Predictive Maintenance,Intermediate
J1536,SCADA,Intermediate
J1536,Data Structures,Beginner
J1536,Content Strategy,Intermediate
J1536,Electric Powertrain,Beginner
J1537,Node.js,Advanced
J1537,Python,Advanced
J1537,Data Structures,Intermediate
J1538,Battery Management Systems,Beginner
J1538,Kubernetes,Advanced
J1538,Inventory Management,Advanced
J1538,AWS,Beginner
J1539,Microprocessors,Beginner
J1539,React,Beginner
J1539,Git,Beginner
J1539,SQL,Beginner
J1539,Battery Management Systems,Intermediate
J1540,Microprocessors,Beginner
J1540,Git,Intermediate
J1540,Content Strategy,Intermediate
J1541,React,Advanced
J1541,Microprocessors,Intermediate
J1541,Inventory Management,Beginner
J1541,FastAPI,Intermediate
J1542,Power BI,Advanced
J1542,Battery Management Systems,Advanced
J1542,Docker,Advanced
J1542,Machine Learning,Intermediate
J1543,Solar PV Design,Advanced
J1543,Inventory Management,Advanced
J1543,Quantum Computing Basics,Beginner
J1544,AWS,Advanced
J1544,Inventory Management,Advanced
J1544,Robotics Troubleshooting,Advanced
J1544,SCADA,Intermediate
J1544,Data Structures,Intermediate
J1545,Digital Electronics,Advanced
J1545,C++,Beginner
J1545,Quantum Computing Basics,Intermediate
J1545,Solar PV Design,Beginner
J1546,Machine Learning,Beginner
J1546,Predictive Maintenance,Advanced
J1546,Digital Electronics,Advanced
J1546,Logistics Analytics,Advanced
J1547,Machine Learning,Beginner
J1547,Git,Beginner
J1547,SEO/SEM,Advanced
J1547,Robotics Troubleshooting,Beginner
J1547,Microprocessors,Intermediate
J1548,Solar PV Design,Beginner
J1548,Machine Learning,Intermediate
J1548,Power BI,Intermediate
J1548,Quantum Computing Basics,Intermediate
J1549,SEO/SEM,Beginner
J1549,C++,Intermediate
J1549,AWS,Advanced
J1550,Predictive Maintenance,Intermediate
J1550,Inventory Management,Advanced
J1550,Node.js,Advanced
J1551,Data Structures,Beginner
J1551,Digital Electronics,Intermediate
J1551,Content Strategy,Intermediate
J1551,Git,Advanced
J1552,Battery Management Systems,Intermediate
J1552,SAP EWM,Advanced
J1552,Node.js,Intermediate
J1553,Solar PV Design,Intermediate
J1553,PLC Programming,Intermediate
J1553,AWS,Intermediate
J1554,Inventory Management,Beginner
J1554,Battery Management Systems,Beginner
J1554,PLC Programming,Beginner
J1554,Robotics Troubleshooting,Beginner
J1554,Kubernetes,Advanced
J1555,React,Advanced
J1555,FastAPI,Intermediate
J1555,Content Strategy,Advanced
J1555,SAP EWM,Advanced
J1555,Docker,Intermediate
J1556,Docker,Beginner
J1556,Digital Electronics,Intermediate
J1556,Python,Beginner
J1557,FastAPI,Advanced
J1557,C++,Intermediate
J1557,Predictive Maintenance,Intermediate
J1557,Electric Powertrain,Intermediate
J1558,Data Structures,Intermediate
J1558,Electric Powertrain,Advanced
J1558,React,Advanced
J1558,Logistics Analytics,Intermediate
J1558,Power BI,Intermediate
J1559,Python,Advanced
J1559,IoT Sensors,Advanced
J1559,Docker,Advanced
J1559,Power BI,Intermediate
J1559,Electric Powertrain,Advanced
J1560,FastAPI,Intermediate
J1560,Grid Integration,Advanced
J1560,Robotics Troubleshooting,Beginner
J1560,Node.js,Advanced
J1561,Quantum Computing Basics,Intermediate
J1561,Solar PV Design,Beginner
J1561,Robotics Troubleshooting,Beginner
J1562,IoT Sensors,Intermediate
J1562,React,Beginner
J1562,Logistics Analytics,Advanced
J1562,Power BI,Advanced
J1563,FastAPI,Advanced
J1563,Grid Integration,Intermediate
J1563,Logistics Analytics,Advanced
J1563,IoT Sensors,Advanced
J1564,Predictive Maintenance,Intermediate
J1564,SQL,Beginner
J1564,FastAPI,Intermediate
J1564,SEO/SEM,Advanced
J1564,Power BI,Beginner
J1565,Kubernetes,Advanced
J1565,React,Intermediate
J1565,Machine Learning,Intermediate
J1565,Digital Electronics,Beginner
J1566,FastAPI,Advanced
J1566,Python,Beginner
J1566,Content Strategy,Intermediate
J1566,Kubernetes,Beginner
J1566,SQL,Intermediate
J1567,Data Structures,Intermediate
J1567,Grid Integration,Advanced
J1567,Git,Intermediate
J1568,IoT Sensors,Beginner
J1568,Inventory Management,Beginner
J1568,Quantum Computing Basics,Intermediate
J1568,Node.js,Advanced
J1568,Electric Powertrain,Advanced
J1569,SCADA,Beginner
J1569,Inventory Management,Beginner
J1569,Grid Integration,Intermediate
J1569,Electric Powertrain,Beginner
J1570,React,Advanced
J1570,FastAPI,Advanced
J1570,SQL,Advanced
J1570,Python,Beginner
J1571,Digital Electronics,Intermediate
J1571,PLC Programming,Intermediate
J1571,Machine Learning,Advanced
J1572,Quantum Computing Basics,Intermediate
J1572,Predictive Maintenance,Intermediate
J1572,C++,Beginner
J1572,Logistics Analytics,Advanced
J1572,Electric Powertrain,Intermediate
J1573,AWS,Intermediate
J1573,Docker,Beginner
J1573,Digital Electronics,Advanced
J1574,Electric Powertrain,Beginner
J1574,React,Beginner
J1574,Battery Management Systems,Intermediate
J1575,Microprocessors,Beginner
J1575,Kubernetes,Intermediate
J1575,SEO/SEM,Intermediate
J1576,Git,Intermediate
J1576,Quantum Computing Basics,Beginner
J1576,AWS,Beginner
J1576,SQL,Intermediate
J1576,Electric Powertrain,Beginner
J1577,Grid Integration,Beginner
J1577,Content Strategy,Advanced
J1577,Digital Electronics,Intermediate
J1578,C++,Beginner
J1578,Data Structures,Advanced
J1578,SEO/SEM,Beginner
J1578,Kubernetes,Beginner
J1579,Python,Beginner
J1579,SCADA,Advanced
J1579,SEO/SEM,Intermediate
J1579,PLC Programming,Beginner
J1579,Predictive Maintenance,Advanced
J1580,Electric Powertrain,Beginner
J1580,SAP EWM,Beginner
J1580,Digital Electronics,Beginner
J1581,SQL,Intermediate
J1581,Microprocessors,Advanced
J1581,SCADA,Beginner
J1581,Battery Management Systems,Advanced
J1581,SEO/SEM,Advanced
J1582,Machine Learning,Intermediate
J1582,Docker,Intermediate
J1582,C++,Beginner
J1582,SCADA,Beginner
J1582,Microprocessors,Intermediate
J1583,FastAPI,Beginner
J1583,Content Strategy,Advanced
J1583,Node.js,Intermediate
J1584,Grid Integration,Intermediate
J1584,Quantum Computing Basics,Intermediate
J1584,React,Beginner
J1585,Kubernetes,Intermediate
J1585,Inventory Management,Beginner
J1585,IoT Sensors,Intermediate
J1585,Predictive Maintenance,Advanced
J1585,Git,Advanced
J1586,Machine Learning,Intermediate
J1586,Node.js,Beginner
J1586,PLC Programming,Intermediate
J1586,SCADA,Beginner
J1586,Predictive Maintenance,Beginner
J1587,Machine Learning,Intermediate
J1587,React,Beginner
J1587,Git,Beginner
J1588,Solar PV Design,Beginner
J1588,FastAPI,Beginner
J1588,Content Strategy,Beginner
J1588,Logistics Analytics,Advanced
J1589,Content Strategy,Beginner
J1589,React,Intermediate
J1589,SAP EWM,Advanced
J1590,FastAPI,Intermediate
J1590,Electric Powertrain,Intermediate
J1590,PLC Programming,Beginner
J1591,Python,Intermediate
J1591,FastAPI,Beginner
J1591,Logistics Analytics,Advanced
J1592,C++,Beginner
J1592,Grid Integration,Beginner
J1592,AWS,Beginner
J1592,Electric Powertrain,Beginner
J1593,Kubernetes,Beginner
J1593,Solar PV Design,Intermediate
J1593,Electric Powertrain,Advanced
J1594,AWS,Beginner
J1594,Robotics Troubleshooting,Beginner
J1594,Node.js,Intermediate
J1594,Quantum Computing Basics,Intermediate
J1594,Machine Learning,Beginner
J1595,Inventory Management,Beginner
J1595,Kubernetes,Intermediate
J1595,Git,Intermediate
J1595,SQL,Beginner
J1595,IoT Sensors,Intermediate
J1596,AWS,Beginner
J1596,Battery Management Systems,Advanced
J1596,C++,Beginner
J1596,Data Structures,Intermediate
J1596,SCADA,Advanced
J1597,FastAPI,Intermediate
J1597,IoT Sensors,Intermediate
J1597,AWS,Advanced
J1597,Electric Powertrain,Advanced
J1598,Quantum Computing Basics,Advanced
J1598,Machine Learning,Intermediate
J1598,Digital Electronics,Beginner
J1598,SQL,Advanced
J1598,FastAPI,Advanced
J1599,Python,Advanced
J1599,SQL,Advanced
J1599,React,Intermediate
J1599,Data Structures,Intermediate
J1599,IoT Sensors,Beginner
J1600,SEO/SEM,Advanced
J1600,Machine Learning,Advanced
J1600,Predictive Maintenance,Intermediate
J1600,SQL,Intermediate
J1600,Power BI,Intermediate
J1601,AWS,Intermediate
J1601,Battery Management Systems,Intermediate
J1601,IoT Sensors,Advanced
J1601,C++,Intermediate
J1601,Solar PV Design,Advanced
J1602,Data Structures,Intermediate
J1602,SQL,Advanced
J1602,PLC Programming,Advanced
J1602,Python,Beginner
J1603,Git,Advanced
J1603,Docker,Advanced
J1603,Logistics Analytics,Advanced
J1603,React,Beginner
J1604,Quantum Computing Basics,Intermediate
J1604,SAP EWM,Beginner
J1604,Git,Beginner
J1605,Docker,Beginner
J1605,Electric Powertrain,Intermediate
J1605,Logistics Analytics,Advanced
J1605,Digital Electronics,Beginner
J1606,SCADA,Intermediate
J1606,Inventory Management,Advanced
J1606,Python,Advanced
J1607,Battery Management Systems,Advanced
J1607,FastAPI,Beginner
J1607,Docker,Intermediate
J1607,Robotics Troubleshooting,Intermediate
J1607,Node.js,Intermediate
J1608,Git,Intermediate
J1608,Grid Integration,Advanced
J1608,Inventory Management,Intermediate
J1609,Solar PV Design,Beginner
J1609,SQL,Beginner
J1609,React,Beginner
J1610,Node.js,Beginner
J1610,Grid Integration,Advanced
J1610,Logistics Analytics,Intermediate
J1610,SQL,Advanced
J1610,Kubernetes,Advanced
J1611,Power BI,Beginner
J1611,Digital Electronics,Advanced
J1611,SCADA,Intermediate
J1611,IoT Sensors,Advanced
J1611,AWS,Advanced
J1612,Node.js,Intermediate
J1612,Docker,Beginner
J1612,Grid Integration,Intermediate
J1612,Content Strategy,Advanced
J1612,Robotics Troubleshooting,Intermediate
J1613,Python,Beginner
J1613,Data Structures,Advanced
J1613,Robotics Troubleshooting,Advanced
J1613,AWS,Beginner
J1613,Battery Management Systems,Intermediate
J1614,Digital Electronics,Beginner
J1614,IoT Sensors,Beginner
J1614,SAP EWM,Advanced
J1615,React,Intermediate
J1615,Data Structures,Intermediate
J1615,Node.js,Advanced
J1616,Quantum Computing Basics,Beginner
J1616,Grid Integration,Beginner
J1616,IoT Sensors,Advanced
J1617,AWS,Intermediate
J1617,Quantum Computing Basics,Intermediate
J1617,Docker,Advanced
J1617,SEO/SEM,Intermediate
J1618,Microprocessors,Intermediate
J1618,Electric Powertrain,Advanced
J1618,SQL,Intermediate
J1618,Power BI,Beginner
J1619,Kubernetes,Intermediate
J1619,Quantum Computing Basics,Beginner
J1619,SEO/SEM,Beginner
J1619,FastAPI,Beginner
J1619,React,Intermediate
J1620,Content Strategy,Intermediate
J1620,IoT Sensors,Advanced
J1620,Kubernetes,Beginner
J1620,Docker,Beginner
J1621,Docker,Advanced
J1621,SQL,Intermediate
J1621,Node.js,Advanced
J1621,Content Strategy,Advanced
J1621,Predictive Maintenance,Intermediate
J1622,Robotics Troubleshooting,Beginner
J1622,Logistics Analytics,Intermediate
J1622,SQL,Beginner
J1623,IoT Sensors,Beginner
J1623,Predictive Maintenance,Beginner
J1623,Content Strategy,Advanced
J1623,Node.js,Intermediate
J1624,Node.js,Advanced
J1624,SQL,Intermediate
J1624,SEO/SEM,Beginner
J1625,Quantum Computing Basics,Advanced
J1625,Data Structures,Beginner
J1625,React,Advanced
J1625,Git,Intermediate
J1626,React,Intermediate
J1626,Microprocessors,Intermediate
J1626,PLC Programming,Advanced
J1626,Solar PV Design,Beginner
J1627,Microprocessors,Beginner
J1627,Machine Learning,Advanced
J1627,Node.js,Intermediate
J1627,Grid Integration,Intermediate
J1628,PLC Programming,Intermediate
J1628,Digital Electronics,Intermediate
J1628,SAP EWM,Beginner
J1628,Node.js,Advanced
J1628,Power BI,Beginner
J1629,Predictive Maintenance,Intermediate
J1629,C++,Beginner
J1629,Git,Intermediate
J1629,Power BI,Intermediate
J1629,Robotics Troubleshooting,Advanced
J1630,Grid Integration,Intermediate
J1630,Content Strategy,Advanced
J1630,SEO/SEM,Beginner
J1630,Robotics Troubleshooting,Beginner
J1630,React,Beginner
J1631,Robotics Troubleshooting,Intermediate
J1631,C++,Advanced
J1631,Machine Learning,Intermediate
J1631,AWS,Advanced
J1632,Python,Beginner
J1632,Machine Learning,Advanced
J1632,Quantum Computing Basics,Advanced
J1632,Content Strategy,Intermediate
J1632,Electric Powertrain,Advanced
J1633,Kubernetes,Beginner
J1633,Content Strategy,Intermediate
J1633,Quantum Computing Basics,Advanced
J1633,Grid Integration,Advanced
J1633,Electric Powertrain,Advanced
J1634,Kubernetes,Advanced
J1634,Digital Electronics,Advanced
J1634,Node.js,Advanced
J1635,SAP EWM,Advanced
J1635,AWS,Advanced
J1635,Battery Management Systems,Intermediate
J1636,Kubernetes,Beginner
J1636,C++,Intermediate
J1636,Microprocessors,Advanced
J1636,Git,Intermediate
J1637,FastAPI,Beginner
J1637,Python,Beginner
J1637,SCADA,Advanced
J1638,SQL,Beginner
J1638,Data Structures,Intermediate
J1638,Solar PV Design,Beginner
J1638,Microprocessors,Advanced
J1639,FastAPI,Intermediate
J1639,IoT Sensors,Intermediate
J1639,Microprocessors,Beginner
J1639,AWS,Advanced
J1639,Inventory Management,Advanced
J1640,SEO/SEM,Intermediate
J1640,PLC Programming,Intermediate
J1640,Data Structures,Intermediate
J1641,C++,Advanced
J1641,Power BI,Advanced
J1641,Solar PV Design,Beginner
J1641,Predictive Maintenance,Beginner
J1642,Kubernetes,Beginner
J1642,React,Intermediate
J1642,Power BI,Intermediate
J1643,Predictive Maintenance,Advanced
J1643,Inventory Management,Beginner
J1643,FastAPI,Beginner
J1644,Power BI,Advanced
J1644,Electric Powertrain,Beginner
J1644,Quantum Computing Basics,Advanced
J1644,Node.js,Advanced
J1644,Digital Electronics,Beginner
J1645,Data Structures,Intermediate
J1645,React,Advanced
J1645,Content Strategy,Advanced
J1645,AWS,Advanced
J1646,Docker,Advanced
J1646,Electric Powertrain,Intermediate
J1646,C++,Advanced
J1646,SAP EWM,Intermediate
J1647,Solar PV Design,Beginner
J1647,Logistics Analytics,Beginner
J1647,Content Strategy,Beginner
J1648,C++,Advanced
J1648,Data Structures,Beginner
J1648,Digital Electronics,Beginner
J1648,Content Strategy,Intermediate
J1649,Quantum Computing Basics,Advanced
J1649,Microprocessors,Beginner
J1649,Solar PV Design,Beginner
J1650,Machine Learning,Beginner
J1650,Predictive Maintenance,Beginner
J1650,Python,Advanced
J1650,Power BI,Advanced
J1651,Grid Integration,Beginner
J1651,Docker,Beginner
J1651,IoT Sensors,Intermediate
J1652,Microprocessors,Beginner
J1652,Electric Powertrain,Advanced
J1652,AWS,Advanced
J1653,Battery Management Systems,Beginner
J1653,C++,Intermediate
J1653,AWS,Beginner
J1653,Predictive Maintenance,Intermediate
J1654,PLC Programming,Intermediate
J1654,Solar PV Design,Beginner
J1654,Docker,Intermediate
J1655,Git,Beginner
J1655,Grid Integration,Beginner
J1655,Predictive Maintenance,Intermediate
J1655,Solar PV Design,Beginner
J1655,IoT Sensors,Intermediate
J1656,FastAPI,Beginner
J1656,Node.js,Beginner
J1656,Inventory Management,Beginner
J1657,Predictive Maintenance,Intermediate
J1657,Battery Management Systems,Beginner
J1657,Logistics Analytics,Beginner
J1657,Node.js,Beginner
J1658,Battery Management Systems,Beginner
J1658,Data Structures,Advanced
J1658,C++,Advanced
J1659,Microprocessors,Advanced
J1659,Kubernetes,Beginner
J1659,Digital Electronics,Beginner
J1659,PLC Programming,Advanced
J1660,Logistics Analytics,Intermediate
J1660,Docker,Advanced
J1660,Data Structures,Advanced
J1661,SCADA,Advanced
J1661,Predictive Maintenance,Advanced
J1661,Logistics Analytics,Advanced
J1661,Inventory Management,Intermediate
J1661,Python,Intermediate
J1662,Battery Management Systems,Beginner
J1662,Kubernetes,Beginner
J1662,SCADA,Beginner
J1662,Electric Powertrain,Intermediate
J1663,Machine Learning,Intermediate
J1663,IoT Sensors,Beginner
J1663,Digital Electronics,Intermediate
J1664,Robotics Troubleshooting,Advanced
J1664,Electric Powertrain,Beginner
J1664,Node.js,Advanced
J1664,SQL,Intermediate
J1665,IoT Sensors,Intermediate
J1665,Machine Learning,Intermediate
J1665,Robotics Troubleshooting,Beginner
J1665,React,Beginner
J1665,Predictive Maintenance,Advanced
J1666,FastAPI,Intermediate
J1666,Grid Integration,Beginner
J1666,Kubernetes,Advanced
J1667,Grid Integration,Beginner
J1667,Solar PV Design,Beginner
J1667,SQL,Intermediate
J1667,Power BI,Intermediate
J1667,SAP EWM,Beginner
J1668,Robotics Troubleshooting,Intermediate
J1668,Quantum Computing Basics,Advanced
J1668,Git,Beginner
J1669,Microprocessors,Advanced
J1669,Docker,Advanced
J1669,PLC Programming,Intermediate
J1669,Battery Management Systems,Advanced
J1669,C++,Beginner
J1670,SEO/SEM,Intermediate
J1670,Microprocessors,Advanced
J1670,Python,Advanced
J1670,Grid Integration,Beginner
J1670,Quantum Computing Basics,Advanced
J1671,Microprocessors,Beginner
J1671,Solar PV Design,Intermediate
J1671,Power BI,Beginner
J1671,Digital Electronics,Advanced
J1672,Data Structures,Intermediate
J1672,Solar PV Design,Intermediate
J1672,SAP EWM,Beginner
J1672,Robotics Troubleshooting,Intermediate
J1672,AWS,Advanced
J1673,SEO/SEM,Beginner
J1673,Python,Beginner
J1673,Solar PV Design,Intermediate
J1673,Node.js,Advanced
J1673,Battery Management Systems,Beginner
J1674,SAP EWM,Beginner
J1674,Kubernetes,Intermediate
J1674,IoT Sensors,Beginner
J1675,Solar PV Design,Advanced
J1675,Predictive Maintenance,Intermediate
J1675,Robotics Troubleshooting,Advanced
J1675,React,Intermediate
J1676,C++,Beginner
J1676,SCADA,Beginner
J1676,Git,Intermediate
J1676,Predictive Maintenance,Beginner
J1677,Data Structures,Advanced
J1677,Content Strategy,Intermediate
J1677,Quantum Computing Basics,Intermediate
J1678,Docker,Advanced
J1678,Battery Management Systems,Advanced
J1678,Microprocessors,Beginner
J1678,Grid Integration,Advanced
J1678,AWS,Intermediate
J1679,Digital Electronics,Beginner
J1679,IoT Sensors,Beginner
J1679,Quantum Computing Basics,Beginner
J1679,AWS,Intermediate
J1680,Robotics Troubleshooting,Advanced
J1680,Python,Advanced
J1680,FastAPI,Advanced
J1680,Predictive Maintenance,Advanced
J1680,Electric Powertrain,Beginner
J1681,SCADA,Advanced
J1681,PLC Programming,Beginner
J1681,Data Structures,Beginner
J1682,SCADA,Advanced
J1682,Docker,Advanced
J1682,PLC Programming,Advanced
J1682,Content Strategy,Advanced
J1683,IoT Sensors,Intermediate
J1683,Digital Electronics,Advanced
J1683,Power BI,Advanced
J1683,Data Structures,Advanced
J1683,Logistics Analytics,Advanced
J1684,Microprocessors,Beginner
J1684,Electric Powertrain,Beginner
J1684,SAP EWM,Intermediate
J1684,C++,Advanced
J1685,Inventory Management,Intermediate
J1685,Grid Integration,Advanced
J1685,Solar PV Design,Beginner
J1686,Data Structures,Advanced
J1686,SEO/SEM,Intermediate
J1686,PLC Programming,Advanced
J1687,SQL,Advanced
J1687,SAP EWM,Advanced
J1687,Content Strategy,Intermediate
J1687,Data Structures,Beginner
J1688,Battery Management Systems,Intermediate
J1688,Robotics Troubleshooting,Advanced
J1688,Data Structures,Advanced
J1689,Robotics Troubleshooting,Beginner
J1689,Git,Advanced
J1689,Logistics Analytics,Intermediate
J1690,Machine Learning,Intermediate
J1690,Electric Powertrain,Beginner
J1690,Inventory Management,Beginner
J1690,C++,Beginner
J1691,Content Strategy,Beginner
J1691,Grid Integration,Beginner
J1691,Kubernetes,Beginner
J1691,Power BI,Advanced
J1691,Logistics Analytics,Beginner
J1692,Python,Advanced
J1692,Node.js,Advanced
J1692,Predictive Maintenance,Advanced
J1693,SQL,Intermediate
J1693,Machine Learning,Intermediate
J1693,Kubernetes,Intermediate
J1693,C++,Beginner
J1693,FastAPI,Beginner
J1694,Grid Integration,Beginner
J1694,Inventory Management,Advanced
J1694,React,Advanced
J1695,Data Structures,Beginner
J1695,C++,Advanced
J1695,Battery Management Systems,Intermediate
J1695,Logistics Analytics,Intermediate
J1695,Digital Electronics,Intermediate
J1696,Solar PV Design,Advanced
J1696,Digital Electronics,Advanced
J1696,Robotics Troubleshooting,Intermediate
J1697,SEO/SEM,Beginner
J1697,Solar PV Design,Beginner
J1697,Battery Management Systems,Beginner
J1698,Inventory Management,Beginner
J1698,Git,Intermediate
J1698,Power BI,Advanced
J1699,Electric Powertrain,Intermediate
J1699,SAP EWM,Advanced
J1699,Solar PV Design,Advanced
J1700,Quantum Computing Basics,Intermediate
J1700,Python,Beginner
J1700,PLC Programming,Intermediate
J1701,Grid Integration,Beginner
J1701,SQL,Beginner
J1701,Docker,Intermediate
J1701,Solar PV Design,Intermediate
J1701,Robotics Troubleshooting,Advanced
J1702,Docker,Advanced
J1702,PLC Programming,Intermediate
J1702,Predictive Maintenance,Advanced
J1702,Logistics Analytics,Intermediate
J1702,SEO/SEM,Advanced
J1703,React,Beginner
J1703,Grid Integration,Advanced
J1703,Quantum Computing Basics,Intermediate
J1703,IoT Sensors,Advanced
J1704,React,Advanced
J1704,Content Strategy,Beginner
J1704,Digital Electronics,Intermediate
J1705,Machine Learning,Intermediate
J1705,PLC Programming,Advanced
J1705,SAP EWM,Beginner
J1705,Power BI,Advanced
J1706,Predictive Maintenance,Advanced
J1706,SQL,Intermediate
J1706,Docker,Advanced
J1706,Machine Learning,Advanced
J1706,SCADA,Intermediate
J1707,SAP EWM,Intermediate
J1707,Logistics Analytics,Beginner
J1707,Content Strategy,Intermediate
J1707,Grid Integration,Advanced
J1708,Logistics Analytics,Advanced
J1708,Solar PV Design,Advanced
J1708,PLC Programming,Advanced
J1708,Node.js,Intermediate
J1708,Grid Integration,Beginner
J1709,Node.js,Advanced
J1709,Git,Advanced
J1709,Quantum Computing Basics,Intermediate
J1709,PLC Programming,Advanced
J1710,C++,Beginner
J1710,Docker,Beginner
J1710,Inventory Management,Beginner
J1711,Predictive Maintenance,Beginner
J1711,Machine Learning,Intermediate
J1711,Python,Beginner
J1711,SQL,Intermediate
J1711,Power BI,Advanced
J1712,Content Strategy,Intermediate
J1712,Battery Management Systems,Beginner
J1712,Robotics Troubleshooting,Beginner
J1712,Microprocessors,Intermediate
J1713,Robotics Troubleshooting,Advanced
J1713,Microprocessors,Intermediate
J1713,Grid Integration,Intermediate
J1713,Docker,Intermediate
J1714,Predictive Maintenance,Advanced
J1714,Python,Advanced
J1714,Quantum Computing Basics,Advanced
J1714,Digital Electronics,Intermediate
J1715,Git,Advanced
J1715,Digital Electronics,Intermediate
J1715,Logistics Analytics,Advanced
J1715,SCADA,Advanced
J1715,Power BI,Advanced
J1716,Battery Management Systems,Advanced
J1716,Python,Advanced
J1716,Robotics Troubleshooting,Advanced
J1716,Microprocessors,Intermediate
J1716,Logistics Analytics,Advanced
J1717,React,Beginner
J1717,Predictive Maintenance,Advanced
J1717,SQL,Intermediate
J1718,Docker,Advanced
J1718,Inventory Management,Beginner
J1718,Digital Electronics,Intermediate
J1719,Digital Electronics,Advanced
J1719,FastAPI,Beginner
J1719,Grid Integration,Advanced
J1719,Content Strategy,Beginner
J1719,Inventory Management,Beginner
J1720,Inventory Management,Advanced
J1720,SAP EWM,Intermediate
J1720,Kubernetes,Advanced
J1720,Logistics Analytics,Advanced
J1721,Grid Integration,Advanced
J1721,Battery Management Systems,Beginner
J1721,SEO/SEM,Beginner
J1722,Power BI,Beginner
J1722,SQL,Advanced
J1722,Predictive Maintenance,Beginner
J1722,AWS,Advanced
J1722,Microprocessors,Beginner
J1723,Predictive Maintenance,Advanced
J1723,Grid Integration,Advanced
J1723,SQL,Beginner
J1723,Machine Learning,Beginner
J1723,Power BI,Beginner
J1724,FastAPI,Intermediate
J1724,IoT Sensors,Intermediate
J1724,SCADA,Intermediate
J1725,Docker,Intermediate
J1725,PLC Programming,Beginner
J1725,Battery Management Systems,Advanced
J1725,SQL,Advanced
J1725,AWS,Intermediate
J1726,SAP EWM,Beginner
J1726,Grid Integration,Advanced
J1726,Electric Powertrain,Intermediate
J1726,SQL,Beginner
J1726,Microprocessors,Advanced
J1727,FastAPI,Beginner
J1727,Docker,Advanced
J1727,Battery Management Systems,Advanced
J1727,React,Beginner
J1728,Microprocessors,Advanced
J1728,Battery Management Systems,Beginner
J1728,IoT Sensors,Intermediate
J1729,Battery Management Systems,Beginner
J1729,FastAPI,Intermediate
J1729,Docker,Beginner
J1730,Kubernetes,Intermediate
J1730,Inventory Management,Intermediate
J1730,Battery Management Systems,Intermediate
J1731,Predictive Maintenance,Advanced
J1731,Node.js,Beginner
J1731,FastAPI,Beginner
J1731,SEO/SEM,Beginner
J1732,SEO/SEM,Advanced
J1732,Solar PV Design,Intermediate
J1732,Quantum Computing Basics,Advanced
J1732,Git,Beginner
J1733,C++,Advanced
J1733,Robotics Troubleshooting,Advanced
J1733,Digital Electronics,Intermediate
J1733,SCADA,Intermediate
J1734,Electric Powertrain,Beginner
J1734,Content Strategy,Intermediate
J1734,C++,Intermediate
J1734,Solar PV Design,Intermediate
J1734,Predictive Maintenance,Advanced
J1735,Kubernetes,Advanced
J1735,IoT Sensors,Advanced
J1735,Grid Integration,Advanced
J1735,SQL,Advanced
J1735,FastAPI,Intermediate
J1736,Machine Learning,Beginner
J1736,C++,Intermediate
J1736,Microprocessors,Advanced
J1736,PLC Programming,Advanced
J1737,Python,Advanced
J1737,IoT Sensors,Intermediate
J1737,Power BI,Intermediate
J1737,Solar PV Design,Advanced
J1737,Docker,Beginner
J1738,Grid Integration,Intermediate
J1738,React,Intermediate
J1738,SEO/SEM,Intermediate
J1738,AWS,Beginner
J1738,SAP EWM,Beginner
J1739,Machine Learning,Advanced
J1739,Node.js,Beginner
J1739,C++,Advanced
J1739,IoT Sensors,Beginner
J1740,Git,Beginner
J1740,Predictive Maintenance,Advanced
J1740,Digital Electronics,Beginner
J1740,SAP EWM,Advanced
J1741,Predictive Maintenance,Beginner
J1741,Digital Electronics,Beginner
J1741,Solar PV Design,Advanced
J1741,Logistics Analytics,Intermediate
J1741,Microprocessors,Advanced
J1742,IoT Sensors,Intermediate
J1742,PLC Programming,Beginner
J1742,Docker,Beginner
J1743,Logistics Analytics,Advanced
J1743,Python,Beginner
J1743,IoT Sensors,Intermediate
J1743,Data Structures,Beginner
J1744,Kubernetes,Advanced
J1744,Docker,Advanced
J1744,Python,Intermediate
J1744,Git,Beginner
J1744,Battery Management Systems,Intermediate
J1745,Electric Powertrain,Intermediate
J1745,Logistics Analytics,Intermediate
J1745,SQL,Beginner
J1746,Python,Advanced
J1746,Grid Integration,Intermediate
J1746,PLC Programming,Beginner
J1747,Quantum Computing Basics,Advanced
J1747,Robotics Troubleshooting,Intermediate
J1747,SCADA,Beginner
J1748,Digital Electronics,Beginner
J1748,Power BI,Advanced
J1748,SQL,Advanced
J1748,Microprocessors,Advanced
J1748,React,Beginner
J1749,Robotics Troubleshooting,Beginner
J1749,Python,Intermediate
J1749,SAP EWM,Intermediate
J1749,Power BI,Intermediate
J1750,Microprocessors,Beginner
J1750,Electric Powertrain,Advanced
J1750,SAP EWM,Beginner
J1751,PLC Programming,Intermediate
J1751,C++,Advanced
J1751,Electric Powertrain,Beginner
J1752,Inventory Management,Beginner
J1752,Quantum Computing Basics,Beginner
J1752,Data Structures,Advanced
J1752,Solar PV Design,Advanced
J1753,Content Strategy,Beginner
J1753,React,Advanced
J1753,Data Structures,Beginner
J1753,C++,Beginner
J1754,Content Strategy,Intermediate
J1754,IoT Sensors,Beginner
J1754,Data Structures,Advanced
J1754,React,Advanced
J1754,Git,Intermediate
J1755,FastAPI,Intermediate
J1755,Data Structures,Advanced
J1755,AWS,Beginner
J1755,SCADA,Beginner
J1755,Solar PV Design,Advanced
J1756,Machine Learning,Intermediate
J1756,Digital Electronics,Beginner
J1756,Power BI,Intermediate
J1756,SAP EWM,Beginner
J1756,FastAPI,Intermediate
J1757,Power BI,Beginner
J1757,Electric Powertrain,Advanced
J1757,Logistics Analytics,Intermediate
J1757,Digital Electronics,Intermediate
J1758,Node.js,Intermediate
J1758,Data Structures,Beginner
J1758,Microprocessors,Beginner
J1758,Grid Integration,Intermediate
J1758,Robotics Troubleshooting,Advanced
J1759,Solar PV Design,Beginner
J1759,Digital Electronics,Advanced
J1759,C++,Beginner
J1759,Grid Integration,Intermediate
J1759,SQL,Beginner
J1760,Git,Intermediate
J1760,Predictive Maintenance,Beginner
J1760,IoT Sensors,Advanced
J1760,React,Advanced
J1761,Inventory Management,Advanced
J1761,Git,Beginner
J1761,Digital Electronics,Advanced
J1762,C++,Intermediate
J1762,Solar PV Design,Beginner
J1762,Git,Beginner
J1762,SQL,Advanced
J1763,Battery Management Systems,Intermediate
J1763,Content Strategy,Intermediate
J1763,Inventory Management,Intermediate
J1764,Robotics Troubleshooting,Intermediate
J1764,Machine Learning,Advanced
J1764,C++,Beginner
J1765,Grid Integration,Intermediate
J1765,Robotics Troubleshooting,Beginner
J1765,SAP EWM,Beginner
J1766,Electric Powertrain,Advanced
J1766,SCADA,Beginner
J1766,Git,Advanced
J1766,SQL,Advanced
J1766,SEO/SEM,Intermediate
J1767,SQL,Advanced
J1767,Predictive Maintenance,Beginner
J1767,FastAPI,Intermediate
J1767,Quantum Computing Basics,Intermediate
J1768,Logistics Analytics,Beginner
J1768,IoT Sensors,Advanced
J1768,SCADA,Beginner
J1769,Inventory Management,Advanced
J1769,Grid Integration,Advanced
J1769,Battery Management Systems,Intermediate
J1770,Git,Intermediate
J1770,FastAPI,Beginner
J1770,IoT Sensors,Advanced
J1770,Grid Integration,Advanced
J1771,Python,Intermediate
J1771,SCADA,Advanced
J1771,Predictive Maintenance,Advanced
J1771,Data Structures,Beginner
J1772,Quantum Computing Basics,Advanced
J1772,SCADA,Advanced
J1772,PLC Programming,Advanced
J1773,SQL,Beginner
J1773,Inventory Management,Beginner
J1773,SCADA,Intermediate
J1774,Kubernetes,Beginner
J1774,Battery Management Systems,Intermediate
J1774,Digital Electronics,Advanced
J1775,Grid Integration,Beginner
J1775,Digital Electronics,Advanced
J1775,IoT Sensors,Beginner
J1776,Robotics Troubleshooting,Advanced
J1776,Digital Electronics,Advanced
J1776,Logistics Analytics,Advanced
J1776,Python,Intermediate
J1776,Machine Learning,Intermediate
J1777,SQL,Advanced
J1777,SEO/SEM,Advanced
J1777,Digital Electronics,Intermediate
J1777,Quantum Computing Basics,Intermediate
J1777,FastAPI,Beginner
J1778,Quantum Computing Basics,Intermediate
J1778,Battery Management Systems,Advanced
J1778,Inventory Management,Beginner
J1778,Robotics Troubleshooting,Intermediate
J1779,Logistics Analytics,Advanced
J1779,PLC Programming,Beginner
J1779,React,Intermediate
J1780,Power BI,Beginner
J1780,AWS,Advanced
J1780,Solar PV Design,Intermediate
J1781,IoT Sensors,Beginner
J1781,C++,Advanced
J1781,Data Structures,Intermediate
J1781,Logistics Analytics,Advanced
J1782,SEO/SEM,Beginner
J1782,Grid Integration,Intermediate
J1782,Machine Learning,Intermediate
J1782,PLC Programming,Advanced
J1783,IoT Sensors,Beginner
J1783,Logistics Analytics,Advanced
J1783,Microprocessors,Intermediate
J1784,Robotics Troubleshooting,Beginner
J1784,Logistics Analytics,Intermediate
J1784,Grid Integration,Intermediate
J1785,SCADA,Advanced
J1785,Content Strategy,Beginner
J1785,Python,Beginner
J1785,Microprocessors,Advanced
J1786,Quantum Computing Basics,Intermediate
J1786,AWS,Intermediate
J1786,C++,Intermediate
J1786,Power BI,Advanced
J1786,SEO/SEM,Beginner
J1787,Battery Management Systems,Beginner
J1787,React,Intermediate
J1787,Power BI,Advanced
J1787,SEO/SEM,Advanced
J1787,Inventory Management,Advanced
J1788,PLC Programming,Advanced
J1788,Predictive Maintenance,Beginner
J1788,Docker,Beginner
J1788,Content Strategy,Beginner
J1788,Battery Management Systems,Intermediate
J1789,Electric Powertrain,Advanced
J1789,Microprocessors,Advanced
J1789,Content Strategy,Intermediate
J1789,React,Advanced
J1790,Battery Management Systems,Advanced
J1790,AWS,Advanced
J1790,Quantum Computing Basics,Intermediate
J1790,Git,Beginner
J1791,IoT Sensors,Beginner
J1791,Robotics Troubleshooting,Beginner
J1791,SCADA,Advanced
J1791,Machine Learning,Beginner
J1792,Solar PV Design,Intermediate
J1792,React,Advanced
J1792,Predictive Maintenance,Intermediate
J1792,FastAPI,Intermediate
J1792,C++,Intermediate
J1793,Data Structures,Beginner
J1793,Python,Beginner
J1793,Grid Integration,Advanced
J1793,Docker,Advanced
J1793,Microprocessors,Intermediate
J1794,FastAPI,Beginner
J1794,Node.js,Intermediate
J1794,Kubernetes,Beginner
J1794,Content Strategy,Beginner
J1795,Power BI,Beginner
J1795,Inventory Management,Advanced
J1795,SCADA,Beginner
J1795,Microprocessors,Beginner
J1796,Battery Management Systems,Intermediate
J1796,Inventory Management,Intermediate
J1796,SQL,Beginner
J1796,Machine Learning,Advanced
J1796,Solar PV Design,Advanced
J1797,Python,Intermediate
J1797,Power BI,Advanced
J1797,SEO/SEM,Intermediate
J1797,C++,Advanced
J1798,Quantum Computing Basics,Intermediate
J1798,SAP EWM,Advanced
J1798,Microprocessors,Beginner
J1799,Python,Beginner
J1799,SAP EWM,Advanced
J1799,AWS,Intermediate
J1799,Predictive Maintenance,Beginner
J1800,Electric Powertrain,Beginner
J1800,Data Structures,Advanced
J1800,SAP EWM,Intermediate
J1800,Battery Management Systems,Intermediate
J1801,Machine Learning,Beginner
J1801,Docker,Advanced
J1801,Git,Beginner
J1801,Content Strategy,Beginner
J1802,PLC Programming,Beginner
J1802,Kubernetes,Beginner
J1802,Python,Advanced
J1803,Node.js,Beginner
J1803,Robotics Troubleshooting,Beginner
J1803,Digital Electronics,Advanced
J1804,Solar PV Design,Beginner
J1804,SAP EWM,Beginner
J1804,PLC Programming,Advanced
J1804,Electric Powertrain,Beginner
J1805,React,Advanced
J1805,Solar PV Design,Advanced
J1805,Predictive Maintenance,Beginner
J1805,Battery Management Systems,Intermediate
J1806,SEO/SEM,Intermediate
J1806,Data Structures,Beginner
J1806,Battery Management Systems,Beginner
J1806,Inventory Management,Intermediate
J1807,Quantum Computing Basics,Beginner
J1807,FastAPI,Intermediate
J1807,Node.js,Advanced
J1807,Machine Learning,Beginner
J1807,SAP EWM,Intermediate
J1808,Grid Integration,Intermediate
J1808,SCADA,Beginner
J1808,Docker,Intermediate
J1809,C++,Beginner
J1809,Grid Integration,Advanced
J1809,SCADA,Advanced
J1809,Battery Management Systems,Intermediate
J1809,Data Structures,Advanced
J1810,Inventory Management,Advanced
J1810,IoT Sensors,Beginner
J1810,Electric Powertrain,Intermediate
J1811,Microprocessors,Intermediate
J1811,Quantum Computing Basics,Intermediate
J1811,Robotics Troubleshooting,Intermediate
J1811,SQL,Intermediate
J1811,Node.js,Intermediate
J1812,Solar PV Design,Beginner
J1812,SEO/SEM,Beginner
J1812,React,Intermediate
J1812,Docker,Advanced
J1813,React,Intermediate
J1813,Python,Advanced
J1813,C++,Advanced
J1813,PLC Programming,Intermediate
J1814,Microprocessors,Intermediate
J1814,SCADA,Intermediate
J1814,Inventory Management,Intermediate
J1814,Power BI,Intermediate
J1815,Data Structures,Intermediate
J1815,Grid Integration,Advanced
J1815,Python,Beginner
J1815,Battery Management Systems,Beginner
J1815,Content Strategy,Beginner
J1816,Data Structures,Advanced
J1816,Electric Powertrain,Intermediate
J1816,Inventory Management,Advanced
J1816,SCADA,Beginner
J1817,SEO/SEM,Intermediate
J1817,C++,Advanced
J1817,Electric Powertrain,Advanced
J1817,PLC Programming,Intermediate
J1817,Kubernetes,Intermediate
J1818,Solar PV Design,Intermediate
J1818,SEO/SEM,Intermediate
J1818,Git,Intermediate
J1818,IoT Sensors,Beginner
J1819,Data Structures,Intermediate
J1819,PLC Programming,Intermediate
J1819,Kubernetes,Intermediate
J1820,IoT Sensors,Intermediate
J1820,Machine Learning,Advanced
J1820,Microprocessors,Advanced
J1821,Electric Powertrain,Advanced
J1821,Content Strategy,Intermediate
J1821,FastAPI,Advanced
J1822,C++,Advanced
J1822,Predictive Maintenance,Advanced
J1822,SEO/SEM,Advanced
J1822,FastAPI,Intermediate
J1822,Docker,Intermediate
J1823,Solar PV Design,Intermediate
J1823,React,Beginner
J1823,IoT Sensors,Advanced
J1823,Inventory Management,Intermediate
J1823,Quantum Computing Basics,Advanced
J1824,Predictive Maintenance,Beginner
J1824,SEO/SEM,Intermediate
J1824,Inventory Management,Intermediate
J1824,React,Intermediate
J1825,Logistics Analytics,Advanced
J1825,Battery Management Systems,Intermediate
J1825,Digital Electronics,Intermediate
J1826,React,Advanced
J1826,Electric Powertrain,Advanced
J1826,IoT Sensors,Intermediate
J1827,SAP EWM,Beginner
J1827,Robotics Troubleshooting,Beginner
J1827,Solar PV Design,Intermediate
J1827,React,Beginner
J1827,Node.js,Beginner
J1828,Logistics Analytics,Advanced
J1828,Battery Management Systems,Advanced
J1828,Data Structures,Advanced
J1828,PLC Programming,Advanced
J1829,Quantum Computing Basics,Intermediate
J1829,SCADA,Beginner
J1829,PLC Programming,Intermediate
J1829,IoT Sensors,Advanced
J1829,Logistics Analytics,Advanced
J1830,SAP EWM,Advanced
J1830,Node.js,Beginner
J1830,Microprocessors,Intermediate
J1830,PLC Programming,Advanced
J1830,React,Intermediate
J1831,Predictive Maintenance,Intermediate
J1831,Power BI,Beginner
J1831,Machine Learning,Advanced
J1831,PLC Programming,Beginner
J1832,Node.js,Advanced
J1832,Electric Powertrain,Beginner
J1832,C++,Intermediate
J1832,SQL,Beginner
J1832,SCADA,Intermediate
J1833,Docker,Beginner
J1833,Kubernetes,Beginner
J1833,Grid Integration,Advanced
J1834,Microprocessors,Beginner
J1834,IoT Sensors,Advanced
J1834,Robotics Troubleshooting,Intermediate
J1834,Power BI,Intermediate
J1835,PLC Programming,Beginner
J1835,SCADA,Beginner
J1835,SEO/SEM,Beginner
J1835,Logistics Analytics,Intermediate
J1836,Robotics Troubleshooting,Advanced
J1836,Solar PV Design,Beginner
J1836,Predictive Maintenance,Intermediate
J1836,Python,Beginner
J1836,Inventory Management,Beginner
J1837,Inventory Management,Intermediate
J1837,Robotics Troubleshooting,Advanced
J1837,Content Strategy,Intermediate
J1838,IoT Sensors,Advanced
J1838,React,Beginner
J1838,Git,Beginner
J1838,Grid Integration,Advanced
J1838,Quantum Computing Basics,Advanced
J1839,Logistics Analytics,Intermediate
J1839,Inventory Management,Intermediate
J1839,React,Intermediate
J1839,SCADA,Advanced
J1840,Data Structures,Beginner
J1840,Content Strategy,Intermediate
J1840,SQL,Advanced
J1840,SAP EWM,Advanced
J1841,Content Strategy,Intermediate
J1841,Solar PV Design,Beginner
J1841,Battery Management Systems,Beginner
J1841,Data Structures,Advanced
J1841,SEO/SEM,Beginner
J1842,Quantum Computing Basics,Beginner
J1842,SEO/SEM,Intermediate
J1842,Machine Learning,Beginner
J1843,Predictive Maintenance,Intermediate
J1843,Python,Intermediate
J1843,React,Intermediate
J1843,Logistics Analytics,Advanced
J1844,Microprocessors,Intermediate
J1844,Python,Advanced
J1844,IoT Sensors,Beginner
J1844,Inventory Management,Beginner
J1845,Python,Advanced
J1845,IoT Sensors,Advanced
J1845,Grid Integration,Intermediate
J1845,C++,Intermediate
J1846,Docker,Beginner
J1846,Predictive Maintenance,Advanced
J1846,AWS,Intermediate
J1846,SEO/SEM,Beginner
J1847,Battery Management Systems,Beginner
J1847,React,Intermediate
J1847,AWS,Advanced
J1847,Inventory Management,Advanced
J1847,Kubernetes,Advanced
J1848,Logistics Analytics,Advanced
J1848,Solar PV Design,Advanced
J1848,Node.js,Advanced
J1848,Electric Powertrain,Advanced
J1848,Digital Electronics,Beginner
J1849,React,Advanced
J1849,Quantum Computing Basics,Advanced
J1849,Python,Intermediate
J1849,FastAPI,Beginner
J1849,Logistics Analytics,Advanced
J1850,Node.js,Beginner
J1850,Battery Management Systems,Advanced
J1850,SCADA,Intermediate
J1850,Microprocessors,Intermediate
J1850,SAP EWM,Intermediate
J1851,Electric Powertrain,Beginner
J1851,FastAPI,Intermediate
J1851,Logistics Analytics,Advanced
J1852,React,Advanced
J1852,SQL,Advanced
J1852,PLC Programming,Beginner
J1852,Docker,Advanced
J1853,Kubernetes,Beginner
J1853,AWS,Intermediate
J1853,Logistics Analytics,Advanced
J1853,Content Strategy,Advanced
J1853,PLC Programming,Intermediate
J1854,Node.js,Beginner
J1854,SCADA,Intermediate
J1854,Kubernetes,Beginner
J1855,Python,Beginner
J1855,Data Structures,Beginner
J1855,Solar PV Design,Beginner
J1855,Kubernetes,Intermediate
J1856,Content Strategy,Beginner
J1856,Kubernetes,Intermediate
J1856,Electric Powertrain,Advanced
J1856,SQL,Beginner
J1856,FastAPI,Advanced
J1857,Battery Management Systems,Beginner
J1857,Content Strategy,Beginner
J1857,Electric Powertrain,Intermediate
J1857,Power BI,Advanced
J1858,Battery Management Systems,Beginner
J1858,Node.js,Intermediate
J1858,Digital Electronics,Advanced
J1858,Machine Learning,Intermediate
J1858,AWS,Beginner
J1859,SAP EWM,Beginner
J1859,Python,Advanced
J1859,Machine Learning,Beginner
J1859,Inventory Management,Beginner
J1859,C++,Beginner
J1860,Content Strategy,Advanced
J1860,Microprocessors,Advanced
J1860,SAP EWM,Beginner
J1860,Electric Powertrain,Intermediate
J1860,AWS,Advanced
J1861,React,Advanced
J1861,Grid Integration,Advanced
J1861,Predictive Maintenance,Beginner
J1861,Quantum Computing Basics,Intermediate
J1861,Git,Beginner
J1862,C++,Advanced
J1862,FastAPI,Advanced
J1862,Electric Powertrain,Advanced
J1862,React,Intermediate
J1862,Robotics Troubleshooting,Advanced
J1863,SAP EWM,Beginner
J1863,Git,Advanced
J1863,SCADA,Beginner
J1864,Electric Powertrain,Intermediate
J1864,Python,Advanced
J1864,Data Structures,Intermediate
J1865,Battery Management Systems,Beginner
J1865,AWS,Intermediate
J1865,IoT Sensors,Advanced
J1865,Quantum Computing Basics,Beginner
J1865,Kubernetes,Advanced
J1866,IoT Sensors,Advanced
J1866,SQL,Beginner
J1866,Battery Management Systems,Intermediate
J1866,Logistics Analytics,Advanced
J1866,C++,Advanced
J1867,Inventory Management,Intermediate
J1867,Predictive Maintenance,Advanced
J1867,Electric Powertrain,Intermediate
J1867,C++,Intermediate
J1868,Power BI,Beginner
J1868,Data Structures,Intermediate
J1868,FastAPI,Beginner
J1868,Docker,Advanced
J1868,PLC Programming,Intermediate
J1869,PLC Programming,Advanced
J1869,Machine Learning,Advanced
J1869,Content Strategy,Beginner
J1869,Battery Management Systems,Intermediate
J1870,IoT Sensors,Beginner
J1870,React,Beginner
J1870,Docker,Beginner
J1870,Solar PV Design,Intermediate
J1870,Logistics Analytics,Beginner
J1871,SEO/SEM,Advanced
J1871,Inventory Management,Beginner
J1871,IoT Sensors,Beginner
J1871,Battery Management Systems,Advanced
J1871,AWS,Intermediate
J1872,SEO/SEM,Advanced
J1872,Robotics Troubleshooting,Beginner
J1872,AWS,Advanced
J1873,Microprocessors,Advanced
J1873,SEO/SEM,Intermediate
J1873,Electric Powertrain,Advanced
J1873,IoT Sensors,Beginner
J1874,Machine Learning,Intermediate
J1874,Robotics Troubleshooting,Intermediate
J1874,Content Strategy,Beginner
J1874,Microprocessors,Advanced
J1875,Content Strategy,Intermediate
J1875,AWS,Advanced
J1875,Git,Beginner
J1876,Solar PV Design,Intermediate
J1876,Content Strategy,Intermediate
J1876,Kubernetes,Advanced
J1876,Microprocessors,Beginner
J1877,Digital Electronics,Advanced
J1877,SCADA,Advanced
J1877,PLC Programming,Intermediate
J1878,Inventory Management,Advanced
J1878,Power BI,Beginner
J1878,Digital Electronics,Beginner
J1879,AWS,Beginner
J1879,Grid Integration,Intermediate
J1879,Electric Powertrain,Advanced
J1880,Machine Learning,Intermediate
J1880,Inventory Management,Advanced
J1880,Data Structures,Beginner
J1880,Git,Beginner
J1880,Docker,Intermediate
J1881,AWS,Intermediate
J1881,Microprocessors,Advanced
J1881,C++,Intermediate
J1881,SCADA,Intermediate
J1881,IoT Sensors,Beginner
J1882,Electric Powertrain,Advanced
J1882,SEO/SEM,Beginner
J1882,Python,Advanced
J1882,Data Structures,Advanced
J1882,IoT Sensors,Advanced
J1883,Predictive Maintenance,Intermediate
J1883,PLC Programming,Advanced
J1883,Machine Learning,Intermediate
J1883,AWS,Intermediate
J1883,IoT Sensors,Beginner
J1884,Quantum Computing Basics,Intermediate
J1884,SQL,Intermediate
J1884,PLC Programming,Advanced
J1884,Power BI,Advanced
J1885,SEO/SEM,Intermediate
J1885,Power BI,Intermediate
J1885,Predictive Maintenance,Beginner
J1885,Grid Integration,Beginner
J1885,Microprocessors,Intermediate
J1886,SAP EWM,Advanced
J1886,Digital Electronics,Advanced
J1886,Battery Management Systems,Advanced
J1886,Machine Learning,Advanced
J1886,AWS,Beginner
J1887,Content Strategy,Beginner
J1887,SCADA,Advanced
J1887,FastAPI,Advanced
J1887,SAP EWM,Advanced
J1887,Machine Learning,Intermediate
J1888,Robotics Troubleshooting,Intermediate
J1888,Kubernetes,Advanced
J1888,Grid Integration,Beginner
J1889,Microprocessors,Intermediate
J1889,Kubernetes,Beginner
J1889,Git,Beginner
J1890,Machine Learning,Beginner
J1890,Content Strategy,Advanced
J1890,Electric Powertrain,Intermediate
J1891,Battery Management Systems,Advanced
J1891,SEO/SEM,Intermediate
J1891,C++,Advanced
J1891,Microprocessors,Beginner
J1891,Logistics Analytics,Intermediate
J1892,IoT Sensors,Intermediate
J1892,Digital Electronics,Beginner
J1892,SAP EWM,Beginner
J1892,AWS,Beginner
J1893,Data Structures,Beginner
J1893,C++,Intermediate
J1893,Logistics Analytics,Advanced
J1893,Power BI,Intermediate
J1893,Python,Intermediate
J1894,Solar PV Design,Advanced
J1894,Git,Intermediate
J1894,SQL,Advanced
J1894,Machine Learning,Intermediate
J1894,SEO/SEM,Advanced
J1895,Power BI,Intermediate
J1895,Content Strategy,Beginner
J1895,Machine Learning,Beginner
J1895,Digital Electronics,Intermediate
J1896,Inventory Management,Beginner
J1896,SQL,Advanced
J1896,Git,Beginner
J1896,Solar PV Design,Beginner
J1896,SAP EWM,Intermediate
J1897,SAP EWM,Intermediate
J1897,Docker,Intermediate
J1897,IoT Sensors,Beginner
J1897,SQL,Advanced
J1898,Digital Electronics,Beginner
J1898,Python,Advanced
J1898,React,Beginner
J1899,Data Structures,Beginner
J1899,Robotics Troubleshooting,Intermediate
J1899,Python,Intermediate
J1899,Kubernetes,Advanced
J1899,Predictive Maintenance,Intermediate
J1900,Git,Beginner
J1900,Solar PV Design,Advanced
J1900,SQL,Advanced
J1901,Git,Advanced
J1901,SCADA,Intermediate
J1901,Electric Powertrain,Advanced
J1901,Power BI,Advanced
J1901,Digital Electronics,Beginner
J1902,Kubernetes,Advanced
J1902,Solar PV Design,Beginner
J1902,Grid Integration,Intermediate
J1902,Robotics Troubleshooting,Beginner
J1903,Electric Powertrain,Advanced
J1903,SQL,Beginner
J1903,Solar PV Design,Advanced
J1903,Grid Integration,Advanced
J1903,Quantum Computing Basics,Intermediate
J1904,IoT Sensors,Intermediate
J1904,Microprocessors,Advanced
J1904,Git,Beginner
J1905,Digital Electronics,Beginner
J1905,Data Structures,Advanced
J1905,Robotics Troubleshooting,Advanced
J1905,React,Intermediate
J1905,FastAPI,Intermediate
J1906,IoT Sensors,Intermediate
J1906,Docker,Advanced
J1906,Quantum Computing Basics,Beginner
J1907,Kubernetes,Beginner
J1907,SEO/SEM,Beginner
J1907,SAP EWM,Intermediate
J1907,Microprocessors,Intermediate
J1908,Grid Integration,Beginner
J1908,Node.js,Advanced
J1908,Digital Electronics,Intermediate
J1909,SCADA,Intermediate
J1909,Quantum Computing Basics,Advanced
J1909,SQL,Advanced
J1910,Robotics Troubleshooting,Advanced
J1910,SQL,Advanced
J1910,SAP EWM,Beginner
J1910,SCADA,Intermediate
J1911,C++,Advanced
J1911,PLC Programming,Beginner
J1911,SAP EWM,Beginner
J1911,Logistics Analytics,Advanced
J1911,Microprocessors,Advanced
J1912,Battery Management Systems,Advanced
J1912,Power BI,Intermediate
J1912,Git,Beginner
J1912,Microprocessors,Advanced
J1913,Node.js,Advanced
J1913,Machine Learning,Beginner
J1913,Power BI,Beginner
J1913,Microprocessors,Intermediate
J1913,AWS,Intermediate
J1914,C++,Beginner
J1914,Machine Learning,Beginner
J1914,Solar PV Design,Beginner
J1914,IoT Sensors,Beginner
J1914,Grid Integration,Intermediate
J1915,PLC Programming,Advanced
J1915,SAP EWM,Beginner
J1915,Content Strategy,Advanced
J1916,SEO/SEM,Beginner
J1916,C++,Advanced
J1916,Electric Powertrain,Advanced
J1916,SCADA,Intermediate
J1916,Solar PV Design,Beginner
J1917,FastAPI,Advanced
J1917,Predictive Maintenance,Beginner
J1917,Machine Learning,Intermediate
J1917,Content Strategy,Beginner
J1918,SAP EWM,Beginner
J1918,Grid Integration,Advanced
J1918,SQL,Beginner
J1918,Kubernetes,Beginner
J1919,SAP EWM,Beginner
J1919,Git,Beginner
J1919,Node.js,Advanced
J1919,FastAPI,Advanced
J1919,C++,Intermediate
J1920,IoT Sensors,Intermediate
J1920,React,Intermediate
J1920,Predictive Maintenance,Intermediate
J1921,PLC Programming,Intermediate
J1921,SCADA,Intermediate
J1921,Git,Advanced
J1921,Logistics Analytics,Intermediate
J1921,AWS,Advanced
J1922,Data Structures,Beginner
J1922,Machine Learning,Advanced
J1922,Digital Electronics,Beginner
J1922,PLC Programming,Advanced
J1922,Docker,Beginner
J1923,Digital Electronics,Beginner
J1923,Python,Advanced
J1923,Power BI,Intermediate
J1923,Node.js,Beginner
J1923,AWS,Beginner
J1924,Data Structures,Advanced
J1924,SCADA,Advanced
J1924,SAP EWM,Intermediate
J1924,AWS,Advanced
J1925,C++,Beginner
J1925,Docker,Advanced
J1925,Kubernetes,Beginner
J1926,C++,Intermediate
J1926,Content Strategy,Advanced
J1926,Data Structures,Intermediate
J1926,FastAPI,Advanced
J1926,SAP EWM,Advanced
J1927,IoT Sensors,Beginner
J1927,Content Strategy,Advanced
J1927,C++,Intermediate
J1927,Node.js,Beginner
J1928,C++,Advanced
J1928,Quantum Computing Basics,Beginner
J1928,SCADA,Advanced
J1928,Docker,Advanced
J1928,Python,Intermediate
J1929,Electric Powertrain,Intermediate
J1929,AWS,Beginner
J1929,Python,Advanced
J1929,IoT Sensors,Intermediate
J1930,Content Strategy,Beginner
J1930,C++,Advanced
J1930,Git,Beginner
J1930,FastAPI,Beginner
J1931,PLC Programming,Beginner
J1931,SAP EWM,Beginner
J1931,Python,Intermediate
J1931,Machine Learning,Beginner
J1931,Digital Electronics,Intermediate
J1932,Content Strategy,Advanced
J1932,C++,Beginner
J1932,Inventory Management,Intermediate
J1933,SQL,Beginner
J1933,SEO/SEM,Intermediate
J1933,Logistics Analytics,Advanced
J1933,Robotics Troubleshooting,Intermediate
J1933,Machine Learning,Intermediate
J1934,FastAPI,Intermediate
J1934,PLC Programming,Beginner
J1934,Battery Management Systems,Beginner
J1935,C++,Advanced
J1935,AWS,Advanced
J1935,Machine Learning,Intermediate
J1936,SCADA,Intermediate
J1936,Machine Learning,Beginner
J1936,SQL,Beginner
J1936,Grid Integration,Advanced
J1937,Quantum Computing Basics,Advanced
J1937,Solar PV Design,Intermediate
J1937,Predictive Maintenance,Intermediate
J1937,Node.js,Intermediate
J1937,Battery Management Systems,Intermediate
J1938,SQL,Advanced
J1938,SEO/SEM,Intermediate
J1938,Robotics Troubleshooting,Advanced
J1938,Digital Electronics,Intermediate
J1938,Machine Learning,Advanced
J1939,SCADA,Beginner
J1939,Data Structures,Advanced
J1939,Git,Advanced
J1939,C++,Beginner
J1940,Quantum Computing Basics,Advanced
J1940,IoT Sensors,Beginner
J1940,Git,Beginner
J1941,Predictive Maintenance,Advanced
J1941,Electric Powertrain,Advanced
J1941,Docker,Beginner
J1941,Digital Electronics,Beginner
J1941,PLC Programming,Advanced
J1942,Data Structures,Advanced
J1942,Electric Powertrain,Beginner
J1942,PLC Programming,Advanced
J1942,Content Strategy,Beginner
J1943,Machine Learning,Beginner
J1943,Content Strategy,Beginner
J1943,AWS,Advanced
J1943,SQL,Intermediate
J1944,Grid Integration,Intermediate
J1944,Robotics Troubleshooting,Beginner
J1944,Quantum Computing Basics,Advanced
J1944,AWS,Beginner
J1944,PLC Programming,Advanced
J1945,Data Structures,Beginner
J1945,IoT Sensors,Beginner
J1945,Digital Electronics,Intermediate
J1946,Grid Integration,Intermediate
J1946,Predictive Maintenance,Advanced
J1946,FastAPI,Beginner
J1946,Data Structures,Beginner
J1946,Robotics Troubleshooting,Advanced
J1947,Machine Learning,Advanced
J1947,Docker,Beginner
J1947,C++,Intermediate
J1947,Content Strategy,Beginner
J1947,Inventory Management,Advanced
J1948,Battery Management Systems,Beginner
J1948,SQL,Advanced
J1948,Inventory Management,Advanced
J1948,Robotics Troubleshooting,Beginner
J1949,SAP EWM,Beginner
J1949,FastAPI,Intermediate
J1949,Docker,Beginner
J1949,Electric Powertrain,Intermediate
J1950,SQL,Beginner
J1950,FastAPI,Beginner
J1950,SEO/SEM,Beginner
J1950,Electric Powertrain,Advanced
J1950,Content Strategy,Beginner
J1951,C++,Beginner
J1951,Microprocessors,Intermediate
J1951,IoT Sensors,Beginner
J1952,Grid Integration,Advanced
J1952,Git,Intermediate
J1952,Digital Electronics,Beginner
J1952,Electric Powertrain,Beginner
J1953,AWS,Intermediate
J1953,Python,Beginner
J1953,SAP EWM,Beginner
J1954,Docker,Beginner
J1954,Logistics Analytics,Advanced
J1954,Battery Management Systems,Advanced
J1954,React,Beginner
J1954,IoT Sensors,Advanced
J1955,Quantum Computing Basics,Intermediate
J1955,SCADA,Advanced
J1955,Power BI,Beginner
J1955,Python,Advanced
J1955,Electric Powertrain,Beginner
J1956,Content Strategy,Beginner
J1956,Electric Powertrain,Beginner
J1956,Git,Intermediate
J1956,Logistics Analytics,Intermediate
J1956,Quantum Computing Basics,Beginner
J1957,Logistics Analytics,Intermediate
J1957,AWS,Beginner
J1957,Predictive Maintenance,Beginner
J1957,IoT Sensors,Intermediate
J1958,Digital Electronics,Intermediate
J1958,Content Strategy,Beginner
J1958,IoT Sensors,Beginner
J1959,SEO/SEM,Advanced
J1959,Docker,Beginner
J1959,C++,Advanced
J1959,Predictive Maintenance,Beginner
J1960,Logistics Analytics,Advanced
J1960,Predictive Maintenance,Advanced
J1960,Power BI,Beginner
J1960,Electric Powertrain,Intermediate
J1960,Robotics Troubleshooting,Advanced
J1961,Inventory Management,Beginner
J1961,Python,Advanced
J1961,Battery Management Systems,Intermediate
J1961,Grid Integration,Intermediate
J1961,Power BI,Beginner
J1962,Grid Integration,Beginner
J1962,Docker,Intermediate
J1962,Logistics Analytics,Intermediate
J1963,React,Beginner
J1963,Node.js,Beginner
J1963,FastAPI,Intermediate
J1964,SCADA,Beginner
J1964,Content Strategy,Intermediate
J1964,SQL,Beginner
J1965,Git,Beginner
J1965,SCADA,Beginner
J1965,SQL,Beginner
J1965,Quantum Computing Basics,Intermediate
J1965,Node.js,Intermediate
J1966,Grid Integration,Intermediate
J1966,AWS,Intermediate
J1966,Docker,Beginner
J1966,Battery Management Systems,Beginner
J1967,SQL,Intermediate
J1967,Kubernetes,Advanced
J1967,Predictive Maintenance,Advanced
J1967,Solar PV Design,Beginner
J1967,Python,Beginner
J1968,Docker,Intermediate
J1968,AWS,Advanced
J1968,Digital Electronics,Intermediate
J1969,FastAPI,Intermediate
J1969,AWS,Beginner
J1969,SAP EWM,Beginner
J1969,Machine Learning,Intermediate
J1970,Inventory Management,Intermediate
J1970,Battery Management Systems,Advanced
J1970,IoT Sensors,Advanced
J1970,SCADA,Beginner
J1971,Battery Management Systems,Advanced
J1971,Power BI,Intermediate
J1971,Machine Learning,Advanced
J1971,Python,Advanced
J1972,Grid Integration,Intermediate
J1972,Microprocessors,Intermediate
J1972,AWS,Intermediate
J1972,Node.js,Advanced
J1972,Git,Beginner
J1973,Logistics Analytics,Intermediate
J1973,SAP EWM,Intermediate
J1973,Quantum Computing Basics,Advanced
J1973,Digital Electronics,Intermediate
J1974,SCADA,Advanced
J1974,Git,Intermediate
J1974,Content Strategy,Beginner
J1974,React,Intermediate
J1974,SEO/SEM,Beginner
J1975,Predictive Maintenance,Beginner
J1975,Robotics Troubleshooting,Advanced
J1975,PLC Programming,Advanced
J1975,Microprocessors,Beginner
J1975,Node.js,Beginner
J1976,IoT Sensors,Intermediate
J1976,Microprocessors,Beginner
J1976,C++,Intermediate
J1977,Python,Advanced
J1977,Digital Electronics,Intermediate
J1977,PLC Programming,Intermediate
J1978,React,Beginner
J1978,Microprocessors,Beginner
J1978,Logistics Analytics,Beginner
J1979,Logistics Analytics,Beginner
J1979,Git,Intermediate
J1979,Node.js,Beginner
J1979,React,Advanced
J1979,Robotics Troubleshooting,Beginner
J1980,React,Intermediate
J1980,PLC Programming,Beginner
J1980,SCADA,Intermediate
J1980,Data Structures,Intermediate
J1981,Data Structures,Beginner
J1981,FastAPI,Advanced
J1981,Machine Learning,Intermediate
J1981,React,Beginner
J1981,Solar PV Design,Beginner
J1982,Predictive Maintenance,Intermediate
J1982,Digital Electronics,Advanced
J1982,React,Intermediate
J1983,Inventory Management,Beginner
J1983,SQL,Beginner
J1983,React,Intermediate
J1984,Machine Learning,Intermediate
J1984,C++,Intermediate
J1984,Git,Beginner
J1984,SQL,Advanced
J1985,Robotics Troubleshooting,Beginner
J1985,FastAPI,Beginner
J1985,Content Strategy,Beginner
J1986,IoT Sensors,Beginner
J1986,PLC Programming,Advanced
J1986,Machine Learning,Advanced
J1986,Quantum Computing Basics,Advanced
J1986,Digital Electronics,Intermediate
J1987,Machine Learning,Advanced
J1987,Data Structures,Beginner
J1987,SAP EWM,Intermediate
J1987,Solar PV Design,Advanced
J1987,Logistics Analytics,Intermediate
J1988,React,Advanced
J1988,Content Strategy,Advanced
J1988,PLC Programming,Advanced
J1988,Kubernetes,Beginner
J1989,Content Strategy,Beginner
J1989,SAP EWM,Intermediate
J1989,React,Beginner
J1990,Content Strategy,Beginner
J1990,Grid Integration,Advanced
J1990,SQL,Beginner
J1990,Node.js,Intermediate
J1990,React,Beginner
J1991,C++,Intermediate
J1991,Battery Management Systems,Beginner
J1991,Content Strategy,Advanced
J1991,Node.js,Intermediate
J1992,Microprocessors,Advanced
J1992,Content Strategy,Beginner
J1992,SAP EWM,Intermediate
J1992,Electric Powertrain,Beginner
J1993,Git,Advanced
J1993,React,Beginner
J1993,SQL,Intermediate
J1993,Digital Electronics,Beginner
J1993,PLC Programming,Advanced
J1994,Robotics Troubleshooting,Beginner
J1994,SQL,Advanced
J1994,SCADA,Advanced
J1994,PLC Programming,Intermediate
J1994,Node.js,Advanced
J1995,Electric Powertrain,Beginner
J1995,Solar PV Design,Beginner
J1995,SAP EWM,Beginner
J1995,PLC Programming,Intermediate
J1996,AWS,Advanced
J1996,Node.js,Beginner
J1996,Machine Learning,Beginner
J1996,Git,Advanced
J1997,SEO/SEM,Beginner
J1997,Node.js,Intermediate
J1997,Logistics Analytics,Advanced
J1997,Microprocessors,Intermediate
J1998,C++,Intermediate
J1998,React,Intermediate
J1998,Grid Integration,Intermediate
J1999,Node.js,Advanced
J1999,Data Structures,Intermediate
J1999,IoT Sensors,Intermediate
J1999,Solar PV Design,Beginner
J2000,Git,Beginner
J2000,Docker,Intermediate
J2000,Node.js,Advanced
J2000,Robotics Troubleshooting,Advanced
J2000,PLC Programming,Beginner
